%5|1780373858.439|REQTMOUT|rdkafka#producer-1| [thrd:localhost:9092/bootstrap]: localhost:9092/bootstrap: Timed out ApiVersionRequest in flight (after 10097ms, timeout #0)
%4|1780373858.481|FAIL|rdkafka#producer-1| [thrd:localhost:9092/bootstrap]: localhost:9092/bootstrap: ApiVersionRequest failed: Local: Timed out: probably due to broker version < 0.10 (see api.version.request configuration) (after 10139ms in state APIVERSION_QUERY)
%4|1780373858.553|REQTMOUT|rdkafka#producer-1| [thrd:localhost:9092/bootstrap]: localhost:9092/bootstrap: Timed out 1 in-flight, 0 retry-queued, 0 out-queue, 0 partially-sent requests
2026-06-02 09:17:41,468 INFO infrastructure.postgres_client PostgresClient initialised \u2192 localhost:5432/soc_pipeline  pool=10–128
2026-06-02 09:17:41,546 INFO __main__ [Pipeline] Starting 16 consumer workers \u2192 topic=wazuh.raw concurrency=32
2026-06-02 09:17:41,584 INFO infrastructure.kafka_client KafkaConsumerClient subscribed \u2192 ['wazuh.raw']
2026-06-02 09:17:41,644 INFO __main__ [Pipeline] Consumer worker 0 started
2026-06-02 09:17:41,767 INFO infrastructure.kafka_client KafkaConsumerClient subscribed \u2192 ['wazuh.raw']
2026-06-02 09:17:41,849 INFO __main__ [Pipeline] Consumer worker 1 started
2026-06-02 09:17:41,930 INFO infrastructure.kafka_client KafkaConsumerClient subscribed \u2192 ['wazuh.raw']
2026-06-02 09:17:41,940 INFO __main__ [Pipeline] Consumer worker 2 started
2026-06-02 09:17:41,988 INFO infrastructure.kafka_client KafkaConsumerClient subscribed \u2192 ['wazuh.raw']
2026-06-02 09:17:42,051 INFO __main__ [Pipeline] Consumer worker 3 started
2026-06-02 09:17:42,091 INFO infrastructure.kafka_client KafkaConsumerClient subscribed \u2192 ['wazuh.raw']
2026-06-02 09:17:42,139 INFO __main__ [Pipeline] Consumer worker 4 started
2026-06-02 09:17:42,230 INFO infrastructure.kafka_client KafkaConsumerClient subscribed \u2192 ['wazuh.raw']
2026-06-02 09:17:42,284 INFO __main__ [Pipeline] Consumer worker 5 started
2026-06-02 09:17:42,372 INFO infrastructure.kafka_client KafkaConsumerClient subscribed \u2192 ['wazuh.raw']
2026-06-02 09:17:42,446 INFO __main__ [Pipeline] Consumer worker 6 started
2026-06-02 09:17:42,540 INFO infrastructure.kafka_client KafkaConsumerClient subscribed \u2192 ['wazuh.raw']
2026-06-02 09:17:42,547 INFO __main__ [Pipeline] Consumer worker 7 started
2026-06-02 09:17:42,620 INFO infrastructure.kafka_client KafkaConsumerClient subscribed \u2192 ['wazuh.raw']
2026-06-02 09:17:42,709 INFO __main__ [Pipeline] Consumer worker 8 started
2026-06-02 09:17:42,810 INFO infrastructure.kafka_client KafkaConsumerClient subscribed \u2192 ['wazuh.raw']
2026-06-02 09:17:42,899 INFO __main__ [Pipeline] Consumer worker 9 started
2026-06-02 09:17:43,005 INFO infrastructure.kafka_client KafkaConsumerClient subscribed \u2192 ['wazuh.raw']
2026-06-02 09:17:43,159 INFO __main__ [Pipeline] Consumer worker 10 started
2026-06-02 09:17:43,179 INFO infrastructure.kafka_client KafkaConsumerClient subscribed \u2192 ['wazuh.raw']
2026-06-02 09:17:43,239 INFO __main__ [Pipeline] Consumer worker 11 started
2026-06-02 09:17:43,454 INFO infrastructure.kafka_client KafkaConsumerClient subscribed \u2192 ['wazuh.raw']
2026-06-02 09:17:43,586 INFO __main__ [Pipeline] Consumer worker 12 started
2026-06-02 09:17:43,864 INFO infrastructure.kafka_client KafkaConsumerClient subscribed \u2192 ['wazuh.raw']
2026-06-02 09:17:43,954 INFO __main__ [Pipeline] Consumer worker 13 started
2026-06-02 09:17:44,032 INFO infrastructure.kafka_client KafkaConsumerClient subscribed \u2192 ['wazuh.raw']
2026-06-02 09:17:44,116 INFO __main__ [Pipeline] Consumer worker 14 started
2026-06-02 09:17:44,232 INFO infrastructure.kafka_client KafkaConsumerClient subscribed \u2192 ['wazuh.raw']
2026-06-02 09:17:44,351 INFO __main__ [Pipeline] Consumer worker 15 started
%5|1780373871.872|REQTMOUT|rdkafka#consumer-3| [thrd:localhost:9092/bootstrap]: localhost:9092/bootstrap: Timed out ApiVersionRequest in flight (after 10104ms, timeout #0)
%4|1780373871.956|FAIL|rdkafka#consumer-3| [thrd:localhost:9092/bootstrap]: localhost:9092/bootstrap: ApiVersionRequest failed: Local: Timed out: probably due to broker version < 0.10 (see api.version.request configuration) (after 10188ms in state APIVERSION_QUERY)
%4|1780373872.054|REQTMOUT|rdkafka#consumer-3| [thrd:localhost:9092/bootstrap]: localhost:9092/bootstrap: Timed out 1 in-flight, 0 retry-queued, 0 out-queue, 0 partially-sent requests
%5|1780373872.215|REQTMOUT|rdkafka#consumer-6| [thrd:localhost:9092/bootstrap]: localhost:9092/bootstrap: Timed out ApiVersionRequest in flight (after 10123ms, timeout #0)
%4|1780373872.333|FAIL|rdkafka#consumer-6| [thrd:localhost:9092/bootstrap]: localhost:9092/bootstrap: ApiVersionRequest failed: Local: Timed out: probably due to broker version < 0.10 (see api.version.request configuration) (after 10242ms in state APIVERSION_QUERY)
%5|1780373872.355|REQTMOUT|rdkafka#consumer-7| [thrd:localhost:9092/bootstrap]: localhost:9092/bootstrap: Timed out ApiVersionRequest in flight (after 10124ms, timeout #0)
%4|1780373872.387|REQTMOUT|rdkafka#consumer-6| [thrd:localhost:9092/bootstrap]: localhost:9092/bootstrap: Timed out 1 in-flight, 0 retry-queued, 0 out-queue, 0 partially-sent requests
%4|1780373872.471|FAIL|rdkafka#consumer-7| [thrd:localhost:9092/bootstrap]: localhost:9092/bootstrap: ApiVersionRequest failed: Local: Timed out: probably due to broker version < 0.10 (see api.version.request configuration) (after 10240ms in state APIVERSION_QUERY)
%5|1780373872.494|REQTMOUT|rdkafka#consumer-8| [thrd:localhost:9092/bootstrap]: localhost:9092/bootstrap: Timed out ApiVersionRequest in flight (after 10120ms, timeout #0)
%4|1780373872.559|REQTMOUT|rdkafka#consumer-7| [thrd:localhost:9092/bootstrap]: localhost:9092/bootstrap: Timed out 1 in-flight, 0 retry-queued, 0 out-queue, 0 partially-sent requests
%4|1780373872.618|FAIL|rdkafka#consumer-8| [thrd:localhost:9092/bootstrap]: localhost:9092/bootstrap: ApiVersionRequest failed: Local: Timed out: probably due to broker version < 0.10 (see api.version.request configuration) (after 10244ms in state APIVERSION_QUERY)
%4|1780373872.743|REQTMOUT|rdkafka#consumer-8| [thrd:localhost:9092/bootstrap]: localhost:9092/bootstrap: Timed out 1 in-flight, 0 retry-queued, 0 out-queue, 0 partially-sent requests
%5|1780373873.115|REQTMOUT|rdkafka#consumer-12| [thrd:localhost:9092/bootstrap]: localhost:9092/bootstrap: Timed out ApiVersionRequest in flight (after 10108ms, timeout #0)
%4|1780373873.152|FAIL|rdkafka#consumer-12| [thrd:localhost:9092/bootstrap]: localhost:9092/bootstrap: ApiVersionRequest failed: Local: Timed out: probably due to broker version < 0.10 (see api.version.request configuration) (after 10145ms in state APIVERSION_QUERY)
%4|1780373873.238|REQTMOUT|rdkafka#consumer-12| [thrd:localhost:9092/bootstrap]: localhost:9092/bootstrap: Timed out 1 in-flight, 0 retry-queued, 0 out-queue, 0 partially-sent requests
%5|1780373873.303|REQTMOUT|rdkafka#consumer-13| [thrd:localhost:9092/bootstrap]: localhost:9092/bootstrap: Timed out ApiVersionRequest in flight (after 10122ms, timeout #0)
%4|1780373873.393|FAIL|rdkafka#consumer-13| [thrd:localhost:9092/bootstrap]: localhost:9092/bootstrap: ApiVersionRequest failed: Local: Timed out: probably due to broker version < 0.10 (see api.version.request configuration) (after 10212ms in state APIVERSION_QUERY)
%4|1780373873.394|REQTMOUT|rdkafka#consumer-13| [thrd:localhost:9092/bootstrap]: localhost:9092/bootstrap: Timed out 1 in-flight, 0 retry-queued, 0 out-queue, 0 partially-sent requests
%5|1780373873.990|REQTMOUT|rdkafka#consumer-15| [thrd:localhost:9092/bootstrap]: localhost:9092/bootstrap: Timed out ApiVersionRequest in flight (after 10125ms, timeout #0)
%4|1780373874.054|FAIL|rdkafka#consumer-15| [thrd:localhost:9092/bootstrap]: localhost:9092/bootstrap: ApiVersionRequest failed: Local: Timed out: probably due to broker version < 0.10 (see api.version.request configuration) (after 10189ms in state APIVERSION_QUERY)
%4|1780373874.114|REQTMOUT|rdkafka#consumer-15| [thrd:localhost:9092/bootstrap]: localhost:9092/bootstrap: Timed out 1 in-flight, 0 retry-queued, 0 out-queue, 0 partially-sent requests
%5|1780373874.148|REQTMOUT|rdkafka#consumer-16| [thrd:localhost:9092/bootstrap]: localhost:9092/bootstrap: Timed out ApiVersionRequest in flight (after 10115ms, timeout #0)
%4|1780373874.222|FAIL|rdkafka#consumer-16| [thrd:localhost:9092/bootstrap]: localhost:9092/bootstrap: ApiVersionRequest failed: Local: Timed out: probably due to broker version < 0.10 (see api.version.request configuration) (after 10188ms in state APIVERSION_QUERY)
%4|1780373874.276|REQTMOUT|rdkafka#consumer-16| [thrd:localhost:9092/bootstrap]: localhost:9092/bootstrap: Timed out 1 in-flight, 0 retry-queued, 0 out-queue, 0 partially-sent requests
%5|1780373882.781|REQTMOUT|rdkafka#consumer-7| [thrd:localhost:9092/bootstrap]: localhost:9092/bootstrap: Timed out ApiVersionRequest in flight (after 10083ms, timeout #0)
%4|1780373882.816|FAIL|rdkafka#consumer-7| [thrd:localhost:9092/bootstrap]: localhost:9092/bootstrap: ApiVersionRequest failed: Local: Timed out: probably due to broker version < 0.10 (see api.version.request configuration) (after 10118ms in state APIVERSION_QUERY, 1 identical error(s) suppressed)
%4|1780373882.816|REQTMOUT|rdkafka#consumer-7| [thrd:localhost:9092/bootstrap]: localhost:9092/bootstrap: Timed out 1 in-flight, 0 retry-queued, 0 out-queue, 0 partially-sent requests
%5|1780373883.513|REQTMOUT|rdkafka#consumer-13| [thrd:localhost:9092/bootstrap]: localhost:9092/bootstrap: Timed out ApiVersionRequest in flight (after 10111ms, timeout #0)
%4|1780373883.654|FAIL|rdkafka#consumer-13| [thrd:localhost:9092/bootstrap]: localhost:9092/bootstrap: ApiVersionRequest failed: Local: Timed out: probably due to broker version < 0.10 (see api.version.request configuration) (after 10254ms in state APIVERSION_QUERY, 1 identical error(s) suppressed)
%4|1780373883.759|REQTMOUT|rdkafka#consumer-13| [thrd:localhost:9092/bootstrap]: localhost:9092/bootstrap: Timed out 1 in-flight, 0 retry-queued, 0 out-queue, 0 partially-sent requests
%5|1780373884.324|REQTMOUT|rdkafka#consumer-15| [thrd:localhost:9092/bootstrap]: localhost:9092/bootstrap: Timed out ApiVersionRequest in flight (after 10096ms, timeout #0)
%4|1780373884.523|FAIL|rdkafka#consumer-15| [thrd:localhost:9092/bootstrap]: localhost:9092/bootstrap: ApiVersionRequest failed: Local: Timed out: probably due to broker version < 0.10 (see api.version.request configuration) (after 10295ms in state APIVERSION_QUERY, 1 identical error(s) suppressed)
%4|1780373884.556|REQTMOUT|rdkafka#consumer-15| [thrd:localhost:9092/bootstrap]: localhost:9092/bootstrap: Timed out 1 in-flight, 0 retry-queued, 0 out-queue, 0 partially-sent requests
%5|1780374187.387|REQTMOUT|rdkafka#consumer-14| [thrd:GroupCoordinator]: GroupCoordinator/1: Timed out ApiVersionRequest in flight (after 10125ms, timeout #0)
%5|1780374187.387|REQTMOUT|rdkafka#consumer-2| [thrd:GroupCoordinator]: GroupCoordinator/1: Timed out ApiVersionRequest in flight (after 10125ms, timeout #0)
%5|1780374187.387|REQTMOUT|rdkafka#consumer-3| [thrd:GroupCoordinator]: GroupCoordinator/1: Timed out ApiVersionRequest in flight (after 10126ms, timeout #0)
%5|1780374187.387|REQTMOUT|rdkafka#consumer-10| [thrd:GroupCoordinator]: GroupCoordinator/1: Timed out ApiVersionRequest in flight (after 10114ms, timeout #0)
%5|1780374187.387|REQTMOUT|rdkafka#consumer-4| [thrd:GroupCoordinator]: GroupCoordinator/1: Timed out ApiVersionRequest in flight (after 10113ms, timeout #0)
%4|1780374187.401|FAIL|rdkafka#consumer-14| [thrd:GroupCoordinator]: GroupCoordinator: localhost:9092: ApiVersionRequest failed: Local: Timed out: probably due to broker version < 0.10 (see api.version.request configuration) (after 10138ms in state APIVERSION_QUERY)
%4|1780374187.476|REQTMOUT|rdkafka#consumer-14| [thrd:GroupCoordinator]: GroupCoordinator/1: Timed out 1 in-flight, 0 retry-queued, 0 out-queue, 0 partially-sent requests
%4|1780374187.401|FAIL|rdkafka#consumer-3| [thrd:GroupCoordinator]: GroupCoordinator: localhost:9092: ApiVersionRequest failed: Local: Timed out: probably due to broker version < 0.10 (see api.version.request configuration) (after 10139ms in state APIVERSION_QUERY)
%4|1780374187.415|FAIL|rdkafka#consumer-10| [thrd:GroupCoordinator]: GroupCoordinator: localhost:9092: ApiVersionRequest failed: Local: Timed out: probably due to broker version < 0.10 (see api.version.request configuration) (after 10142ms in state APIVERSION_QUERY)
%4|1780374187.476|FAIL|rdkafka#consumer-4| [thrd:GroupCoordinator]: GroupCoordinator: localhost:9092: ApiVersionRequest failed: Local: Timed out: probably due to broker version < 0.10 (see api.version.request configuration) (after 10202ms in state APIVERSION_QUERY)
%4|1780374187.892|REQTMOUT|rdkafka#consumer-4| [thrd:GroupCoordinator]: GroupCoordinator/1: Timed out 1 in-flight, 0 retry-queued, 0 out-queue, 0 partially-sent requests
%5|1780374187.495|REQTMOUT|rdkafka#consumer-5| [thrd:GroupCoordinator]: GroupCoordinator/1: Timed out ApiVersionRequest in flight (after 10101ms, timeout #0)
%5|1780374187.620|REQTMOUT|rdkafka#consumer-12| [thrd:GroupCoordinator]: GroupCoordinator/1: Timed out ApiVersionRequest in flight (after 10115ms, timeout #0)
%4|1780374187.664|REQTMOUT|rdkafka#consumer-3| [thrd:GroupCoordinator]: GroupCoordinator/1: Timed out 1 in-flight, 0 retry-queued, 0 out-queue, 0 partially-sent requests
%5|1780374187.667|REQTMOUT|rdkafka#consumer-13| [thrd:GroupCoordinator]: GroupCoordinator/1: Timed out ApiVersionRequest in flight (after 10102ms, timeout #0)
%5|1780374187.698|REQTMOUT|rdkafka#consumer-15| [thrd:localhost:9092/1]: localhost:9092/1: Timed out ApiVersionRequest in flight (after 10121ms, timeout #0)
%5|1780374187.698|REQTMOUT|rdkafka#consumer-16| [thrd:localhost:9092/1]: localhost:9092/1: Timed out ApiVersionRequest in flight (after 10124ms, timeout #0)
%5|1780374187.698|REQTMOUT|rdkafka#consumer-6| [thrd:localhost:9092/1]: localhost:9092/1: Timed out ApiVersionRequest in flight (after 10121ms, timeout #0)
%5|1780374187.714|REQTMOUT|rdkafka#consumer-17| [thrd:GroupCoordinator]: GroupCoordinator/1: Timed out ApiVersionRequest in flight (after 10114ms, timeout #0)
%5|1780374187.760|REQTMOUT|rdkafka#consumer-7| [thrd:GroupCoordinator]: GroupCoordinator/1: Timed out ApiVersionRequest in flight (after 10118ms, timeout #0)
%4|1780374187.762|REQTMOUT|rdkafka#consumer-10| [thrd:GroupCoordinator]: GroupCoordinator/1: Timed out 1 in-flight, 0 retry-queued, 0 out-queue, 0 partially-sent requests
%5|1780374187.839|REQTMOUT|rdkafka#consumer-8| [thrd:GroupCoordinator]: GroupCoordinator/1: Timed out ApiVersionRequest in flight (after 10119ms, timeout #0)
%4|1780374187.401|FAIL|rdkafka#consumer-2| [thrd:GroupCoordinator]: GroupCoordinator: localhost:9092: ApiVersionRequest failed: Local: Timed out: probably due to broker version < 0.10 (see api.version.request configuration) (after 10139ms in state APIVERSION_QUERY)
%4|1780374188.016|FAIL|rdkafka#consumer-5| [thrd:GroupCoordinator]: GroupCoordinator: localhost:9092: ApiVersionRequest failed: Local: Timed out: probably due to broker version < 0.10 (see api.version.request configuration) (after 10623ms in state APIVERSION_QUERY)
%4|1780374188.079|FAIL|rdkafka#consumer-12| [thrd:GroupCoordinator]: GroupCoordinator: localhost:9092: ApiVersionRequest failed: Local: Timed out: probably due to broker version < 0.10 (see api.version.request configuration) (after 10575ms in state APIVERSION_QUERY)
%4|1780374188.080|FAIL|rdkafka#consumer-13| [thrd:GroupCoordinator]: GroupCoordinator: localhost:9092: ApiVersionRequest failed: Local: Timed out: probably due to broker version < 0.10 (see api.version.request configuration) (after 10516ms in state APIVERSION_QUERY)
%4|1780374188.080|FAIL|rdkafka#consumer-15| [thrd:localhost:9092/1]: localhost:9092/1: ApiVersionRequest failed: Local: Timed out: probably due to broker version < 0.10 (see api.version.request configuration) (after 10504ms in state APIVERSION_QUERY)
%4|1780374188.081|FAIL|rdkafka#consumer-16| [thrd:localhost:9092/1]: localhost:9092/1: ApiVersionRequest failed: Local: Timed out: probably due to broker version < 0.10 (see api.version.request configuration) (after 10508ms in state APIVERSION_QUERY)
%4|1780374188.081|FAIL|rdkafka#consumer-6| [thrd:localhost:9092/1]: localhost:9092/1: ApiVersionRequest failed: Local: Timed out: probably due to broker version < 0.10 (see api.version.request configuration) (after 10504ms in state APIVERSION_QUERY)
%4|1780374188.081|FAIL|rdkafka#consumer-17| [thrd:GroupCoordinator]: GroupCoordinator: localhost:9092: ApiVersionRequest failed: Local: Timed out: probably due to broker version < 0.10 (see api.version.request configuration) (after 10482ms in state APIVERSION_QUERY)
%4|1780374188.081|FAIL|rdkafka#consumer-7| [thrd:GroupCoordinator]: GroupCoordinator: localhost:9092: ApiVersionRequest failed: Local: Timed out: probably due to broker version < 0.10 (see api.version.request configuration) (after 10441ms in state APIVERSION_QUERY)
%4|1780374188.083|FAIL|rdkafka#consumer-8| [thrd:GroupCoordinator]: GroupCoordinator: localhost:9092: ApiVersionRequest failed: Local: Timed out: probably due to broker version < 0.10 (see api.version.request configuration) (after 10364ms in state APIVERSION_QUERY)
%4|1780374188.083|REQTMOUT|rdkafka#consumer-2| [thrd:GroupCoordinator]: GroupCoordinator/1: Timed out 1 in-flight, 0 retry-queued, 0 out-queue, 0 partially-sent requests
%4|1780374188.090|REQTMOUT|rdkafka#consumer-5| [thrd:GroupCoordinator]: GroupCoordinator/1: Timed out 1 in-flight, 0 retry-queued, 0 out-queue, 0 partially-sent requests
%4|1780374188.155|REQTMOUT|rdkafka#consumer-12| [thrd:GroupCoordinator]: GroupCoordinator/1: Timed out 1 in-flight, 0 retry-queued, 0 out-queue, 0 partially-sent requests
%4|1780374188.199|REQTMOUT|rdkafka#consumer-13| [thrd:GroupCoordinator]: GroupCoordinator/1: Timed out 1 in-flight, 0 retry-queued, 0 out-queue, 0 partially-sent requests
%4|1780374188.271|REQTMOUT|rdkafka#consumer-15| [thrd:localhost:9092/1]: localhost:9092/1: Timed out 1 in-flight, 0 retry-queued, 0 out-queue, 0 partially-sent requests
%4|1780374188.299|REQTMOUT|rdkafka#consumer-16| [thrd:localhost:9092/1]: localhost:9092/1: Timed out 1 in-flight, 0 retry-queued, 0 out-queue, 0 partially-sent requests
%4|1780374188.300|REQTMOUT|rdkafka#consumer-6| [thrd:localhost:9092/1]: localhost:9092/1: Timed out 1 in-flight, 0 retry-queued, 0 out-queue, 0 partially-sent requests
%4|1780374188.300|REQTMOUT|rdkafka#consumer-17| [thrd:GroupCoordinator]: GroupCoordinator/1: Timed out 1 in-flight, 0 retry-queued, 0 out-queue, 0 partially-sent requests
%4|1780374188.301|REQTMOUT|rdkafka#consumer-7| [thrd:GroupCoordinator]: GroupCoordinator/1: Timed out 1 in-flight, 0 retry-queued, 0 out-queue, 0 partially-sent requests
%4|1780374188.312|REQTMOUT|rdkafka#consumer-8| [thrd:GroupCoordinator]: GroupCoordinator/1: Timed out 1 in-flight, 0 retry-queued, 0 out-queue, 0 partially-sent requests
%5|1780374198.025|REQTMOUT|rdkafka#consumer-14| [thrd:localhost:9092/1]: localhost:9092/1: Timed out ApiVersionRequest in flight (after 10104ms, timeout #0)
%5|1780374198.337|REQTMOUT|rdkafka#consumer-10| [thrd:localhost:9092/1]: localhost:9092/1: Timed out ApiVersionRequest in flight (after 10084ms, timeout #0)
%5|1780374198.337|REQTMOUT|rdkafka#consumer-4| [thrd:localhost:9092/1]: localhost:9092/1: Timed out ApiVersionRequest in flight (after 10086ms, timeout #0)
%4|1780374198.490|FAIL|rdkafka#consumer-10| [thrd:localhost:9092/1]: localhost:9092/1: ApiVersionRequest failed: Local: Timed out: probably due to broker version < 0.10 (see api.version.request configuration) (after 10236ms in state APIVERSION_QUERY)
%4|1780374198.500|REQTMOUT|rdkafka#consumer-10| [thrd:localhost:9092/1]: localhost:9092/1: Timed out 1 in-flight, 0 retry-queued, 0 out-queue, 0 partially-sent requests
%5|1780374198.477|REQTMOUT|rdkafka#consumer-6| [thrd:localhost:9092/bootstrap]: localhost:9092/bootstrap: Timed out ApiVersionRequest in flight (after 10124ms, timeout #0)
%5|1780374198.275|REQTMOUT|rdkafka#consumer-3| [thrd:GroupCoordinator]: GroupCoordinator/1: Timed out ApiVersionRequest in flight (after 10077ms, timeout #0)
%4|1780374198.490|FAIL|rdkafka#consumer-4| [thrd:localhost:9092/1]: localhost:9092/1: ApiVersionRequest failed: Local: Timed out: probably due to broker version < 0.10 (see api.version.request configuration) (after 10239ms in state APIVERSION_QUERY)
%4|1780374198.473|FAIL|rdkafka#consumer-14| [thrd:localhost:9092/1]: localhost:9092/1: ApiVersionRequest failed: Local: Timed out: probably due to broker version < 0.10 (see api.version.request configuration) (after 10552ms in state APIVERSION_QUERY)
%5|1780374198.539|REQTMOUT|rdkafka#consumer-6| [thrd:localhost:9092/1]: localhost:9092/1: Timed out ApiVersionRequest in flight (after 10123ms, timeout #0)
%5|1780374198.539|REQTMOUT|rdkafka#consumer-15| [thrd:localhost:9092/1]: localhost:9092/1: Timed out ApiVersionRequest in flight (after 10123ms, timeout #0)
%5|1780374198.570|REQTMOUT|rdkafka#consumer-2| [thrd:localhost:9092/1]: localhost:9092/1: Timed out ApiVersionRequest in flight (after 10100ms, timeout #0)
%5|1780374198.601|REQTMOUT|rdkafka#consumer-7| [thrd:GroupCoordinator]: GroupCoordinator/1: Timed out ApiVersionRequest in flight (after 10123ms, timeout #0)
%5|1780374198.601|REQTMOUT|rdkafka#consumer-13| [thrd:localhost:9092/1]: localhost:9092/1: Timed out ApiVersionRequest in flight (after 10126ms, timeout #0)
%4|1780374198.620|FAIL|rdkafka#consumer-6| [thrd:localhost:9092/bootstrap]: localhost:9092/bootstrap: ApiVersionRequest failed: Local: Timed out: probably due to broker version < 0.10 (see api.version.request configuration) (after 10267ms in state APIVERSION_QUERY)
%5|1780374198.632|REQTMOUT|rdkafka#consumer-8| [thrd:GroupCoordinator]: GroupCoordinator/1: Timed out ApiVersionRequest in flight (after 10123ms, timeout #0)
%5|1780374198.632|REQTMOUT|rdkafka#consumer-17| [thrd:GroupCoordinator]: GroupCoordinator/1: Timed out ApiVersionRequest in flight (after 10123ms, timeout #0)
%4|1780374198.679|FAIL|rdkafka#consumer-3| [thrd:GroupCoordinator]: GroupCoordinator: localhost:9092: ApiVersionRequest failed: Local: Timed out: probably due to broker version < 0.10 (see api.version.request configuration) (after 10481ms in state APIVERSION_QUERY, 1 identical error(s) suppressed)
%4|1780374198.738|REQTMOUT|rdkafka#consumer-4| [thrd:localhost:9092/1]: localhost:9092/1: Timed out 1 in-flight, 0 retry-queued, 0 out-queue, 0 partially-sent requests
%4|1780374198.814|REQTMOUT|rdkafka#consumer-14| [thrd:localhost:9092/1]: localhost:9092/1: Timed out 1 in-flight, 0 retry-queued, 0 out-queue, 0 partially-sent requests
%4|1780374198.838|FAIL|rdkafka#consumer-6| [thrd:localhost:9092/1]: localhost:9092/1: ApiVersionRequest failed: Local: Timed out: probably due to broker version < 0.10 (see api.version.request configuration) (after 10422ms in state APIVERSION_QUERY, 1 identical error(s) suppressed)
%4|1780374199.543|REQTMOUT|rdkafka#consumer-6| [thrd:localhost:9092/1]: localhost:9092/1: Timed out 1 in-flight, 0 retry-queued, 0 out-queue, 0 partially-sent requests
%4|1780374198.946|FAIL|rdkafka#consumer-2| [thrd:localhost:9092/1]: localhost:9092/1: ApiVersionRequest failed: Local: Timed out: probably due to broker version < 0.10 (see api.version.request configuration) (after 10475ms in state APIVERSION_QUERY)
%4|1780374198.968|FAIL|rdkafka#consumer-7| [thrd:GroupCoordinator]: GroupCoordinator: localhost:9092: ApiVersionRequest failed: Local: Timed out: probably due to broker version < 0.10 (see api.version.request configuration) (after 10490ms in state APIVERSION_QUERY, 1 identical error(s) suppressed)
%4|1780374199.065|FAIL|rdkafka#consumer-13| [thrd:localhost:9092/1]: localhost:9092/1: ApiVersionRequest failed: Local: Timed out: probably due to broker version < 0.10 (see api.version.request configuration) (after 10590ms in state APIVERSION_QUERY)
%4|1780374199.166|REQTMOUT|rdkafka#consumer-6| [thrd:localhost:9092/bootstrap]: localhost:9092/bootstrap: Timed out 1 in-flight, 0 retry-queued, 0 out-queue, 0 partially-sent requests
%4|1780374199.166|FAIL|rdkafka#consumer-8| [thrd:GroupCoordinator]: GroupCoordinator: localhost:9092: ApiVersionRequest failed: Local: Timed out: probably due to broker version < 0.10 (see api.version.request configuration) (after 10657ms in state APIVERSION_QUERY, 1 identical error(s) suppressed)
%4|1780374199.743|REQTMOUT|rdkafka#consumer-8| [thrd:GroupCoordinator]: GroupCoordinator/1: Timed out 1 in-flight, 0 retry-queued, 0 out-queue, 0 partially-sent requests
%4|1780374199.507|REQTMOUT|rdkafka#consumer-3| [thrd:GroupCoordinator]: GroupCoordinator/1: Timed out 1 in-flight, 0 retry-queued, 0 out-queue, 0 partially-sent requests
%4|1780374198.870|FAIL|rdkafka#consumer-15| [thrd:localhost:9092/1]: localhost:9092/1: ApiVersionRequest failed: Local: Timed out: probably due to broker version < 0.10 (see api.version.request configuration) (after 10455ms in state APIVERSION_QUERY, 1 identical error(s) suppressed)
%4|1780374199.620|REQTMOUT|rdkafka#consumer-2| [thrd:localhost:9092/1]: localhost:9092/1: Timed out 1 in-flight, 0 retry-queued, 0 out-queue, 0 partially-sent requests
%4|1780374199.685|REQTMOUT|rdkafka#consumer-7| [thrd:GroupCoordinator]: GroupCoordinator/1: Timed out 1 in-flight, 0 retry-queued, 0 out-queue, 0 partially-sent requests
%4|1780374199.685|REQTMOUT|rdkafka#consumer-13| [thrd:localhost:9092/1]: localhost:9092/1: Timed out 1 in-flight, 0 retry-queued, 0 out-queue, 0 partially-sent requests
%4|1780374199.166|FAIL|rdkafka#consumer-17| [thrd:GroupCoordinator]: GroupCoordinator: localhost:9092: ApiVersionRequest failed: Local: Timed out: probably due to broker version < 0.10 (see api.version.request configuration) (after 10657ms in state APIVERSION_QUERY, 1 identical error(s) suppressed)
%4|1780374199.837|REQTMOUT|rdkafka#consumer-15| [thrd:localhost:9092/1]: localhost:9092/1: Timed out 1 in-flight, 0 retry-queued, 0 out-queue, 0 partially-sent requests
%4|1780374199.930|REQTMOUT|rdkafka#consumer-17| [thrd:GroupCoordinator]: GroupCoordinator/1: Timed out 1 in-flight, 0 retry-queued, 0 out-queue, 0 partially-sent requests
%5|1780374208.933|REQTMOUT|rdkafka#consumer-4| [thrd:localhost:9092/bootstrap]: localhost:9092/bootstrap: Timed out ApiVersionRequest in flight (after 10127ms, timeout #0)
%4|1780374209.038|FAIL|rdkafka#consumer-4| [thrd:localhost:9092/bootstrap]: localhost:9092/bootstrap: ApiVersionRequest failed: Local: Timed out: probably due to broker version < 0.10 (see api.version.request configuration) (after 10232ms in state APIVERSION_QUERY)
%4|1780374209.483|REQTMOUT|rdkafka#consumer-4| [thrd:localhost:9092/bootstrap]: localhost:9092/bootstrap: Timed out 1 in-flight, 0 retry-queued, 0 out-queue, 0 partially-sent requests
%5|1780374209.650|REQTMOUT|rdkafka#consumer-4| [thrd:localhost:9092/1]: localhost:9092/1: Timed out ApiVersionRequest in flight (after 10111ms, timeout #0)
%5|1780374209.697|REQTMOUT|rdkafka#consumer-14| [thrd:localhost:9092/1]: localhost:9092/1: Timed out ApiVersionRequest in flight (after 10098ms, timeout #0)
%5|1780374209.835|REQTMOUT|rdkafka#consumer-13| [thrd:localhost:9092/bootstrap]: localhost:9092/bootstrap: Timed out ApiVersionRequest in flight (after 10126ms, timeout #0)
%4|1780374209.862|FAIL|rdkafka#consumer-4| [thrd:localhost:9092/1]: localhost:9092/1: ApiVersionRequest failed: Local: Timed out: probably due to broker version < 0.10 (see api.version.request configuration) (after 10323ms in state APIVERSION_QUERY, 1 identical error(s) suppressed)
%5|1780374209.896|REQTMOUT|rdkafka#consumer-3| [thrd:GroupCoordinator]: GroupCoordinator/1: Timed out ApiVersionRequest in flight (after 10107ms, timeout #0)
%4|1780374210.884|REQTMOUT|rdkafka#consumer-3| [thrd:GroupCoordinator]: GroupCoordinator/1: Timed out 1 in-flight, 0 retry-queued, 0 out-queue, 0 partially-sent requests
%5|1780374210.053|REQTMOUT|rdkafka#consumer-7| [thrd:localhost:9092/1]: localhost:9092/1: Timed out ApiVersionRequest in flight (after 10103ms, timeout #0)
%5|1780374210.068|REQTMOUT|rdkafka#consumer-15| [thrd:localhost:9092/1]: localhost:9092/1: Timed out ApiVersionRequest in flight (after 10109ms, timeout #0)
%4|1780374210.076|FAIL|rdkafka#consumer-14| [thrd:localhost:9092/1]: localhost:9092/1: ApiVersionRequest failed: Local: Timed out: probably due to broker version < 0.10 (see api.version.request configuration) (after 10477ms in state APIVERSION_QUERY, 1 identical error(s) suppressed)
%4|1780374212.464|REQTMOUT|rdkafka#consumer-14| [thrd:localhost:9092/1]: localhost:9092/1: Timed out 1 in-flight, 0 retry-queued, 0 out-queue, 0 partially-sent requests
%5|1780374210.084|REQTMOUT|rdkafka#consumer-13| [thrd:localhost:9092/1]: localhost:9092/1: Timed out ApiVersionRequest in flight (after 10111ms, timeout #0)
%4|1780374210.261|FAIL|rdkafka#consumer-13| [thrd:localhost:9092/bootstrap]: localhost:9092/bootstrap: ApiVersionRequest failed: Local: Timed out: probably due to broker version < 0.10 (see api.version.request configuration) (after 10552ms in state APIVERSION_QUERY)
%4|1780374210.692|REQTMOUT|rdkafka#consumer-4| [thrd:localhost:9092/1]: localhost:9092/1: Timed out 1 in-flight, 0 retry-queued, 0 out-queue, 0 partially-sent requests
%5|1780374210.006|REQTMOUT|rdkafka#consumer-15| [thrd:localhost:9092/bootstrap]: localhost:9092/bootstrap: Timed out ApiVersionRequest in flight (after 10107ms, timeout #0)
%4|1780374212.212|FAIL|rdkafka#consumer-7| [thrd:localhost:9092/1]: localhost:9092/1: ApiVersionRequest failed: Local: Timed out: probably due to broker version < 0.10 (see api.version.request configuration) (after 12263ms in state APIVERSION_QUERY)
%4|1780374213.034|REQTMOUT|rdkafka#consumer-7| [thrd:localhost:9092/1]: localhost:9092/1: Timed out 1 in-flight, 0 retry-queued, 0 out-queue, 0 partially-sent requests
%5|1780374210.084|REQTMOUT|rdkafka#consumer-17| [thrd:localhost:9092/1]: localhost:9092/1: Timed out ApiVersionRequest in flight (after 10113ms, timeout #0)
%4|1780374212.606|FAIL|rdkafka#consumer-13| [thrd:localhost:9092/1]: localhost:9092/1: ApiVersionRequest failed: Local: Timed out: probably due to broker version < 0.10 (see api.version.request configuration) (after 12634ms in state APIVERSION_QUERY, 1 identical error(s) suppressed)
%4|1780374212.936|REQTMOUT|rdkafka#consumer-13| [thrd:localhost:9092/bootstrap]: localhost:9092/bootstrap: Timed out 1 in-flight, 0 retry-queued, 0 out-queue, 0 partially-sent requests
%4|1780374212.948|FAIL|rdkafka#consumer-15| [thrd:localhost:9092/bootstrap]: localhost:9092/bootstrap: ApiVersionRequest failed: Local: Timed out: probably due to broker version < 0.10 (see api.version.request configuration) (after 13050ms in state APIVERSION_QUERY)
%4|1780374212.428|REQTMOUT|rdkafka#consumer-15| [thrd:localhost:9092/1]: localhost:9092/1: Timed out 1 in-flight, 0 retry-queued, 0 out-queue, 0 partially-sent requests
%4|1780374213.345|FAIL|rdkafka#consumer-17| [thrd:localhost:9092/1]: localhost:9092/1: ApiVersionRequest failed: Local: Timed out: probably due to broker version < 0.10 (see api.version.request configuration) (after 13375ms in state APIVERSION_QUERY)
%4|1780374214.283|REQTMOUT|rdkafka#consumer-17| [thrd:localhost:9092/1]: localhost:9092/1: Timed out 1 in-flight, 0 retry-queued, 0 out-queue, 0 partially-sent requests
%4|1780374213.357|REQTMOUT|rdkafka#consumer-13| [thrd:localhost:9092/1]: localhost:9092/1: Timed out 1 in-flight, 0 retry-queued, 0 out-queue, 0 partially-sent requests
%4|1780374213.911|REQTMOUT|rdkafka#consumer-15| [thrd:localhost:9092/bootstrap]: localhost:9092/bootstrap: Timed out 1 in-flight, 0 retry-queued, 0 out-queue, 0 partially-sent requests
%5|1780374224.447|REQTMOUT|rdkafka#consumer-17| [thrd:localhost:9092/bootstrap]: localhost:9092/bootstrap: Timed out ApiVersionRequest in flight (after 10103ms, timeout #0)
%4|1780374224.593|FAIL|rdkafka#consumer-17| [thrd:localhost:9092/bootstrap]: localhost:9092/bootstrap: ApiVersionRequest failed: Local: Timed out: probably due to broker version < 0.10 (see api.version.request configuration) (after 10249ms in state APIVERSION_QUERY)
%5|1780374224.541|REQTMOUT|rdkafka#consumer-17| [thrd:localhost:9092/1]: localhost:9092/1: Timed out ApiVersionRequest in flight (after 10120ms, timeout #0)
%4|1780374224.593|REQTMOUT|rdkafka#consumer-17| [thrd:localhost:9092/bootstrap]: localhost:9092/bootstrap: Timed out 1 in-flight, 0 retry-queued, 0 out-queue, 0 partially-sent requests
%4|1780374224.594|FAIL|rdkafka#consumer-17| [thrd:localhost:9092/1]: localhost:9092/1: ApiVersionRequest failed: Local: Timed out: probably due to broker version < 0.10 (see api.version.request configuration) (after 10174ms in state APIVERSION_QUERY, 1 identical error(s) suppressed)
%4|1780374224.595|REQTMOUT|rdkafka#consumer-17| [thrd:localhost:9092/1]: localhost:9092/1: Timed out 1 in-flight, 0 retry-queued, 0 out-queue, 0 partially-sent requests
%5|1780374224.649|REQTMOUT|rdkafka#consumer-13| [thrd:localhost:9092/1]: localhost:9092/1: Timed out ApiVersionRequest in flight (after 10117ms, timeout #0)
%4|1780374224.857|REQTMOUT|rdkafka#consumer-13| [thrd:localhost:9092/1]: localhost:9092/1: Timed out 1 in-flight, 0 retry-queued, 0 out-queue, 0 partially-sent requests
%5|1780374234.706|REQTMOUT|rdkafka#consumer-17| [thrd:localhost:9092/1]: localhost:9092/1: Timed out ApiVersionRequest in flight (after 10092ms, timeout #0)
%5|1780374234.769|REQTMOUT|rdkafka#consumer-17| [thrd:localhost:9092/bootstrap]: localhost:9092/bootstrap: Timed out ApiVersionRequest in flight (after 10103ms, timeout #0)
%4|1780374234.929|REQTMOUT|rdkafka#consumer-17| [thrd:localhost:9092/1]: localhost:9092/1: Timed out 1 in-flight, 0 retry-queued, 0 out-queue, 0 partially-sent requests
%5|1780374235.034|REQTMOUT|rdkafka#consumer-13| [thrd:localhost:9092/bootstrap]: localhost:9092/bootstrap: Timed out ApiVersionRequest in flight (after 10133ms, timeout #0)
%4|1780374235.563|FAIL|rdkafka#consumer-13| [thrd:localhost:9092/bootstrap]: localhost:9092/bootstrap: ApiVersionRequest failed: Local: Timed out: probably due to broker version < 0.10 (see api.version.request configuration) (after 10663ms in state APIVERSION_QUERY)
%4|1780374235.564|REQTMOUT|rdkafka#consumer-13| [thrd:localhost:9092/bootstrap]: localhost:9092/bootstrap: Timed out 1 in-flight, 0 retry-queued, 0 out-queue, 0 partially-sent requests
%5|1780374235.080|REQTMOUT|rdkafka#consumer-13| [thrd:localhost:9092/1]: localhost:9092/1: Timed out ApiVersionRequest in flight (after 10133ms, timeout #0)
%4|1780374235.154|FAIL|rdkafka#consumer-17| [thrd:localhost:9092/bootstrap]: localhost:9092/bootstrap: ApiVersionRequest failed: Local: Timed out: probably due to broker version < 0.10 (see api.version.request configuration) (after 10488ms in state APIVERSION_QUERY, 1 identical error(s) suppressed)
%4|1780374235.566|REQTMOUT|rdkafka#consumer-17| [thrd:localhost:9092/bootstrap]: localhost:9092/bootstrap: Timed out 1 in-flight, 0 retry-queued, 0 out-queue, 0 partially-sent requests
%4|1780374235.566|REQTMOUT|rdkafka#consumer-13| [thrd:localhost:9092/1]: localhost:9092/1: Timed out 1 in-flight, 0 retry-queued, 0 out-queue, 0 partially-sent requests
2026-06-02 09:25:42,006 INFO __main__ [Pipeline] Starting alert 1780372660.0 (LOW)
2026-06-02 09:25:42,018 INFO __main__ [Pipeline] Starting alert 1780297444.702567 (LOW)
2026-06-02 09:25:42,022 INFO __main__ [Pipeline] Starting alert 1780290076.702321 (LOW)
2026-06-02 09:25:42,027 INFO __main__ [Pipeline] Starting alert 1780287424.700817 (MEDIUM)
2026-06-02 09:25:42,032 INFO __main__ [Pipeline] Starting alert 1780287413.699331 (MEDIUM)
2026-06-02 09:25:42,036 INFO __main__ [Pipeline] Starting alert 1780287406.697309 (LOW)
2026-06-02 09:25:42,041 INFO __main__ [Pipeline] Starting alert 1780287406.694516 (LOW)
2026-06-02 09:25:42,046 INFO agents.log_analysis_agent [LogAnalysis] Processing alert 1780372660.0 (rule=502 lvl=3)
2026-06-02 09:25:42,053 INFO __main__ [Pipeline] Starting alert 1780287406.689594 (HIGH)
2026-06-02 09:25:42,071 INFO agents.log_analysis_agent [LogAnalysis] Processing alert 1780297444.702567 (rule=502 lvl=3)
2026-06-02 09:25:42,076 INFO __main__ [Pipeline] Starting alert 1780287406.685746 (LOW)
2026-06-02 09:25:42,085 INFO agents.log_analysis_agent [LogAnalysis] Processing alert 1780290076.702321 (rule=502 lvl=3)
2026-06-02 09:25:42,265 INFO __main__ [Pipeline] Starting alert 1780287406.682386 (LOW)
2026-06-02 09:25:42,273 INFO agents.log_analysis_agent [LogAnalysis] Processing alert 1780287424.700817 (rule=19003 lvl=5)
2026-06-02 09:25:42,283 INFO __main__ [Pipeline] Starting alert 1780287406.678904 (LOW)
2026-06-02 09:25:42,305 INFO agents.log_analysis_agent [LogAnalysis] Processing alert 1780287413.699331 (rule=19003 lvl=5)
2026-06-02 09:25:42,587 INFO __main__ [Pipeline] Starting alert 1780287406.675548 (LOW)
2026-06-02 09:25:42,596 INFO __main__ [Pipeline] Starting alert 1780287406.672076 (LOW)
2026-06-02 09:25:42,598 INFO agents.log_analysis_agent [LogAnalysis] Processing alert 1780287406.697309 (rule=19008 lvl=3)
2026-06-02 09:25:42,668 INFO __main__ [Pipeline] Starting alert 1780287406.669205 (LOW)
2026-06-02 09:25:42,676 INFO agents.log_analysis_agent [LogAnalysis] Processing alert 1780287406.694516 (rule=19008 lvl=3)
2026-06-02 09:25:42,677 INFO __main__ [Pipeline] Starting alert 1780287406.665986 (LOW)
2026-06-02 09:25:42,685 INFO __main__ [Pipeline] Starting alert 1780287406.662919 (LOW)
2026-06-02 09:25:42,697 INFO agents.log_analysis_agent [LogAnalysis] Done — noise=False iocs=0 mitre=[]
2026-06-02 09:25:42,699 INFO agents.log_analysis_agent [LogAnalysis] Processing alert 1780287406.689594 (rule=19007 lvl=7)
2026-06-02 09:25:42,706 INFO __main__ [Pipeline] Starting alert 1780287406.659634 (LOW)
2026-06-02 09:25:42,713 INFO agents.log_analysis_agent [LogAnalysis] Done — noise=False iocs=0 mitre=[]
2026-06-02 09:25:42,720 INFO agents.log_analysis_agent [LogAnalysis] Processing alert 1780287406.685746 (rule=19008 lvl=3)
2026-06-02 09:25:42,721 INFO __main__ [Pipeline] Starting alert 1780287406.656349 (LOW)
2026-06-02 09:25:42,724 INFO agents.log_analysis_agent [LogAnalysis] Done — noise=False iocs=0 mitre=[]
2026-06-02 09:25:42,728 INFO agents.log_analysis_agent [LogAnalysis] Processing alert 1780287406.682386 (rule=19008 lvl=3)
2026-06-02 09:25:42,731 INFO __main__ [Pipeline] Starting alert 1780287406.653558 (LOW)
2026-06-02 09:25:42,733 INFO agents.log_analysis_agent [LogAnalysis] Done — noise=False iocs=0 mitre=[]
2026-06-02 09:25:42,735 INFO agents.log_analysis_agent [LogAnalysis] Done — noise=False iocs=0 mitre=[]
2026-06-02 09:25:42,738 INFO agents.log_analysis_agent [LogAnalysis] Processing alert 1780287406.678904 (rule=19008 lvl=3)
2026-06-02 09:25:42,739 INFO __main__ [Pipeline] Starting alert 1780287406.650782 (LOW)
2026-06-02 09:25:42,741 INFO agents.log_analysis_agent [LogAnalysis] Done — noise=False iocs=0 mitre=[]
2026-06-02 09:25:42,743 INFO agents.log_analysis_agent [LogAnalysis] Done — noise=False iocs=0 mitre=[]
2026-06-02 09:25:42,745 INFO agents.log_analysis_agent [LogAnalysis] Processing alert 1780287406.675548 (rule=19008 lvl=3)
2026-06-02 09:25:42,746 INFO __main__ [Pipeline] Starting alert 1780287406.647841 (HIGH)
2026-06-02 09:25:42,751 INFO agents.log_analysis_agent [LogAnalysis] Done — noise=False iocs=0 mitre=[]
2026-06-02 09:25:42,752 INFO agents.log_analysis_agent [LogAnalysis] Done — noise=False iocs=0 mitre=[]
2026-06-02 09:25:42,755 INFO agents.log_analysis_agent [LogAnalysis] Processing alert 1780287406.672076 (rule=19008 lvl=3)
2026-06-02 09:25:42,757 INFO agents.log_analysis_agent [LogAnalysis] Done — noise=False iocs=0 mitre=[]
2026-06-02 09:25:42,758 INFO __main__ [Pipeline] Starting alert 1780287406.644517 (LOW)
2026-06-02 09:25:42,762 INFO agents.log_analysis_agent [LogAnalysis] Done — noise=False iocs=0 mitre=[]
2026-06-02 09:25:42,762 INFO agents.log_analysis_agent [LogAnalysis] Processing alert 1780287406.669205 (rule=19008 lvl=3)
2026-06-02 09:25:42,764 INFO agents.supervisor [Supervisor] route_after_analysis: no IOCs \u2192 skip_to_playbook
2026-06-02 09:25:42,765 INFO agents.log_analysis_agent [LogAnalysis] Done — noise=False iocs=0 mitre=[]
2026-06-02 09:25:42,765 INFO __main__ [Pipeline] Starting alert 1780287406.641036 (HIGH)
2026-06-02 09:25:42,772 INFO agents.log_analysis_agent [LogAnalysis] Processing alert 1780287406.665986 (rule=19008 lvl=3)
2026-06-02 09:25:42,773 INFO agents.supervisor [Supervisor] route_after_analysis: duplicate \u2192 drop
2026-06-02 09:25:42,774 INFO agents.log_analysis_agent [LogAnalysis] Done — noise=False iocs=0 mitre=[]
2026-06-02 09:25:42,775 INFO __main__ [Pipeline] Starting alert 1780287406.637502 (HIGH)
2026-06-02 09:25:42,781 INFO agents.log_analysis_agent [LogAnalysis] Processing alert 1780287406.662919 (rule=19008 lvl=3)
2026-06-02 09:25:42,783 INFO agents.supervisor [Supervisor] route_after_analysis: duplicate \u2192 drop
2026-06-02 09:25:42,784 INFO agents.log_analysis_agent [LogAnalysis] Done — noise=False iocs=0 mitre=[]
2026-06-02 09:25:42,784 INFO __main__ [Pipeline] Starting alert 1780287406.631481 (HIGH)
2026-06-02 09:25:42,788 INFO agents.log_analysis_agent [LogAnalysis] Processing alert 1780287406.659634 (rule=19008 lvl=3)
2026-06-02 09:25:42,791 INFO agents.supervisor [Supervisor] route_after_analysis: duplicate \u2192 drop
2026-06-02 09:25:42,793 INFO agents.log_analysis_agent [LogAnalysis] Done — noise=False iocs=0 mitre=[]
2026-06-02 09:25:42,793 INFO agents.supervisor [Supervisor] route_after_analysis: duplicate \u2192 drop
2026-06-02 09:25:42,793 INFO __main__ [Pipeline] Starting alert 1780287406.625252 (LOW)
2026-06-02 09:25:42,798 INFO agents.log_analysis_agent [LogAnalysis] Processing alert 1780287406.656349 (rule=19008 lvl=3)
2026-06-02 09:25:42,800 INFO agents.log_analysis_agent [LogAnalysis] Done — noise=False iocs=0 mitre=[]
2026-06-02 09:25:42,801 INFO __main__ [Pipeline] Starting alert 1780287406.618667 (LOW)
2026-06-02 09:25:42,801 INFO agents.supervisor [Supervisor] route_after_analysis: duplicate \u2192 drop
2026-06-02 09:25:42,802 INFO agents.supervisor [Supervisor] route_after_analysis: duplicate \u2192 drop
2026-06-02 09:25:42,805 INFO agents.log_analysis_agent [LogAnalysis] Processing alert 1780287406.653558 (rule=19009 lvl=3)
2026-06-02 09:25:42,810 INFO agents.log_analysis_agent [LogAnalysis] Done — noise=False iocs=0 mitre=[]
2026-06-02 09:25:42,810 INFO agents.supervisor [Supervisor] route_after_analysis: duplicate \u2192 drop
2026-06-02 09:25:42,812 INFO __main__ [Pipeline] Starting alert 1780287406.611486 (LOW)
2026-06-02 09:25:42,813 INFO agents.supervisor [Supervisor] route_after_analysis: duplicate \u2192 drop
2026-06-02 09:25:42,817 INFO agents.playbook_gen_agent [PlaybookGen] Generating playbook for alert 1780372660.0
2026-06-02 09:25:42,820 INFO agents.log_analysis_agent [LogAnalysis] Processing alert 1780287406.650782 (rule=19008 lvl=3)
2026-06-02 09:25:42,823 INFO agents.supervisor [Supervisor] route_after_analysis: duplicate \u2192 drop
2026-06-02 09:25:42,824 INFO agents.log_analysis_agent [LogAnalysis] Done — noise=False iocs=0 mitre=[]
2026-06-02 09:25:42,825 INFO __main__ [Pipeline] Starting alert 1780287406.607778 (LOW)
2026-06-02 09:25:42,830 INFO agents.supervisor [Supervisor] Dropping alert 1780297444.702567 — reason=duplicate
2026-06-02 09:25:42,833 INFO agents.log_analysis_agent [LogAnalysis] Processing alert 1780287406.647841 (rule=19007 lvl=7)
2026-06-02 09:25:42,834 INFO agents.supervisor [Supervisor] route_after_analysis: duplicate \u2192 drop
2026-06-02 09:25:42,837 INFO agents.log_analysis_agent [LogAnalysis] Done — noise=False iocs=0 mitre=[]
2026-06-02 09:25:42,837 INFO agents.supervisor [Supervisor] route_after_analysis: duplicate \u2192 drop
2026-06-02 09:25:42,837 INFO __main__ [Pipeline] Starting alert 1780287406.603402 (LOW)
2026-06-02 09:25:42,839 INFO agents.supervisor [Supervisor] Dropping alert 1780290076.702321 — reason=duplicate
2026-06-02 09:25:42,845 INFO agents.log_analysis_agent [LogAnalysis] Done — noise=False iocs=0 mitre=[]
2026-06-02 09:25:42,845 INFO agents.log_analysis_agent [LogAnalysis] Processing alert 1780287406.644517 (rule=19008 lvl=3)
2026-06-02 09:25:42,848 INFO agents.supervisor [Supervisor] Dropping alert 1780287424.700817 — reason=duplicate
2026-06-02 09:25:42,848 INFO agents.supervisor [Supervisor] route_after_analysis: duplicate \u2192 drop
2026-06-02 09:25:42,849 INFO __main__ [Pipeline] Starting alert 1780287406.599830 (LOW)
2026-06-02 09:25:42,857 INFO agents.supervisor [Supervisor] Dropping alert 1780287406.689594 — reason=duplicate
2026-06-02 09:25:43,138 INFO agents.log_analysis_agent [LogAnalysis] Processing alert 1780287406.641036 (rule=19007 lvl=7)
2026-06-02 09:25:43,314 INFO agents.supervisor [Supervisor] route_after_analysis: duplicate \u2192 drop
2026-06-02 09:25:43,314 INFO __main__ [Pipeline] Starting alert 1780287406.596699 (LOW)
2026-06-02 09:25:43,502 INFO agents.log_analysis_agent [LogAnalysis] Done — noise=False iocs=0 mitre=[]
2026-06-02 09:25:43,564 INFO agents.supervisor [Supervisor] Dropping alert 1780287413.699331 — reason=duplicate
2026-06-02 09:25:43,612 INFO agents.supervisor [Supervisor] Dropping alert 1780287406.685746 — reason=duplicate
2026-06-02 09:25:43,672 INFO agents.supervisor [Supervisor] route_after_analysis: duplicate \u2192 drop
2026-06-02 09:25:43,743 INFO agents.log_analysis_agent [LogAnalysis] Processing alert 1780287406.637502 (rule=19007 lvl=7)
2026-06-02 09:25:43,944 INFO agents.supervisor [Supervisor] Dropping alert 1780287406.697309 — reason=duplicate
2026-06-02 09:25:43,968 INFO agents.supervisor [Supervisor] Dropping alert 1780287406.682386 — reason=duplicate
2026-06-02 09:25:44,045 INFO agents.log_analysis_agent [LogAnalysis] Done — noise=False iocs=0 mitre=[]
2026-06-02 09:25:44,048 INFO agents.log_analysis_agent [LogAnalysis] Processing alert 1780287406.631481 (rule=19007 lvl=7)
2026-06-02 09:25:44,056 INFO agents.supervisor [Supervisor] Dropping alert 1780287406.678904 — reason=duplicate
2026-06-02 09:25:44,064 INFO agents.log_analysis_agent [LogAnalysis] Done — noise=False iocs=0 mitre=[]
2026-06-02 09:25:44,180 INFO agents.log_analysis_agent [LogAnalysis] Processing alert 1780287406.625252 (rule=19009 lvl=3)
2026-06-02 09:25:44,186 INFO agents.supervisor [Supervisor] Dropping alert 1780287406.694516 — reason=duplicate
2026-06-02 09:25:44,192 INFO agents.log_analysis_agent [LogAnalysis] Done — noise=False iocs=0 mitre=[]
2026-06-02 09:25:44,249 INFO httpx HTTP Request: GET http://localhost:8888/api/v2/auth/identity "HTTP/1.1 200 OK"
2026-06-02 09:25:44,253 INFO httpx HTTP Request: GET http://localhost:8888/api/v2/auth/identity "HTTP/1.1 200 OK"
2026-06-02 09:25:44,254 INFO httpx HTTP Request: GET http://localhost:8888/api/v2/auth/identity "HTTP/1.1 200 OK"
2026-06-02 09:25:44,255 INFO agents.supervisor [Supervisor] route_after_analysis: duplicate \u2192 drop
2026-06-02 09:25:44,258 INFO agents.supervisor [Supervisor] Dropping alert 1780287406.675548 — reason=duplicate
2026-06-02 09:25:44,285 INFO httpx HTTP Request: GET http://localhost:8888/api/v2/auth/identity "HTTP/1.1 200 OK"
2026-06-02 09:25:44,330 INFO httpx HTTP Request: GET http://localhost:8888/api/v2/auth/identity "HTTP/1.1 200 OK"
2026-06-02 09:25:44,402 INFO agents.log_analysis_agent [LogAnalysis] Processing alert 1780287406.618667 (rule=19009 lvl=3)
2026-06-02 09:25:44,523 INFO agents.log_analysis_agent [LogAnalysis] Done — noise=False iocs=0 mitre=[]
2026-06-02 09:25:44,545 INFO agents.supervisor [Supervisor] Dropping alert 1780287406.672076 — reason=duplicate
2026-06-02 09:25:44,584 INFO agents.supervisor [Supervisor] route_after_analysis: duplicate \u2192 drop
2026-06-02 09:25:44,595 INFO agents.log_analysis_agent [LogAnalysis] Processing alert 1780287406.611486 (rule=19009 lvl=3)
2026-06-02 09:25:44,861 INFO agents.supervisor [Supervisor] route_after_analysis: duplicate \u2192 drop
2026-06-02 09:25:44,979 INFO agents.supervisor [Supervisor] route_after_analysis: duplicate \u2192 drop
2026-06-02 09:25:44,981 INFO agents.log_analysis_agent [LogAnalysis] Done — noise=False iocs=0 mitre=[]
2026-06-02 09:25:45,004 INFO agents.supervisor [Supervisor] Dropping alert 1780287406.669205 — reason=duplicate
2026-06-02 09:25:45,082 INFO agents.supervisor [Supervisor] route_after_analysis: duplicate \u2192 drop
2026-06-02 09:25:45,084 INFO agents.log_analysis_agent [LogAnalysis] Processing alert 1780287406.607778 (rule=19009 lvl=3)
2026-06-02 09:25:45,299 INFO agents.supervisor [Supervisor] Dropping alert 1780287406.665986 — reason=duplicate
2026-06-02 09:25:45,401 INFO agents.log_analysis_agent [LogAnalysis] Done — noise=False iocs=0 mitre=[]
2026-06-02 09:25:45,417 INFO httpx HTTP Request: GET http://localhost:8888/api/v2/tenants/default_tenant "HTTP/1.1 200 OK"
2026-06-02 09:25:45,422 INFO httpx HTTP Request: GET http://localhost:8888/api/v2/tenants/default_tenant "HTTP/1.1 200 OK"
2026-06-02 09:25:45,424 INFO httpx HTTP Request: GET http://localhost:8888/api/v2/tenants/default_tenant "HTTP/1.1 200 OK"
2026-06-02 09:25:45,443 INFO agents.log_analysis_agent [LogAnalysis] Processing alert 1780287406.603402 (rule=19009 lvl=3)
2026-06-02 09:25:45,455 INFO httpx HTTP Request: GET http://localhost:8888/api/v2/tenants/default_tenant "HTTP/1.1 200 OK"
2026-06-02 09:25:45,472 INFO httpx HTTP Request: GET http://localhost:8888/api/v2/tenants/default_tenant/databases/default_database "HTTP/1.1 200 OK"
2026-06-02 09:25:45,476 INFO httpx HTTP Request: GET http://localhost:8888/api/v2/tenants/default_tenant/databases/default_database "HTTP/1.1 200 OK"
2026-06-02 09:25:45,482 INFO httpx HTTP Request: GET http://localhost:8888/api/v2/tenants/default_tenant/databases/default_database "HTTP/1.1 200 OK"
2026-06-02 09:25:45,483 INFO httpx HTTP Request: GET http://localhost:8888/api/v2/tenants/default_tenant "HTTP/1.1 200 OK"
2026-06-02 09:25:45,484 INFO agents.log_analysis_agent [LogAnalysis] Done — noise=False iocs=0 mitre=[]
2026-06-02 09:25:45,487 INFO httpx HTTP Request: GET http://localhost:8888/api/v2/tenants/default_tenant/databases/default_database "HTTP/1.1 200 OK"
2026-06-02 09:25:45,548 INFO httpx HTTP Request: GET http://localhost:8888/api/v2/tenants/default_tenant/databases/default_database/collections/mitre_attack "HTTP/1.1 404 Not Found"
2026-06-02 09:25:45,549 INFO httpx HTTP Request: GET http://localhost:8888/api/v2/tenants/default_tenant/databases/default_database "HTTP/1.1 200 OK"
2026-06-02 09:25:45,549 INFO httpx HTTP Request: GET http://localhost:8888/api/v2/tenants/default_tenant/databases/default_database/collections/wazuh_rules "HTTP/1.1 404 Not Found"
2026-06-02 09:25:45,569 INFO httpx HTTP Request: GET http://localhost:8888/api/v2/tenants/default_tenant/databases/default_database/collections/past_incidents "HTTP/1.1 404 Not Found"
2026-06-02 09:25:45,600 INFO httpx HTTP Request: GET http://localhost:8888/api/v2/tenants/default_tenant/databases/default_database/collections/nvd_cves "HTTP/1.1 404 Not Found"
2026-06-02 09:25:45,672 WARNING infrastructure.chroma_client ChromaDB query failed [mitre_attack]: Collection [mitre_attack] does not exist
2026-06-02 09:25:45,709 WARNING infrastructure.chroma_client ChromaDB query failed [wazuh_rules]: Collection [wazuh_rules] does not exist
2026-06-02 09:25:45,710 WARNING infrastructure.chroma_client ChromaDB query failed [past_incidents]: Collection [past_incidents] does not exist
2026-06-02 09:25:45,710 INFO httpx HTTP Request: GET http://localhost:8888/api/v2/tenants/default_tenant/databases/default_database/collections/nist_csf "HTTP/1.1 404 Not Found"
2026-06-02 09:25:45,711 WARNING infrastructure.chroma_client ChromaDB query failed [nvd_cves]: Collection [nvd_cves] does not exist
2026-06-02 09:25:45,711 INFO agents.log_analysis_agent [LogAnalysis] Processing alert 1780287406.599830 (rule=19009 lvl=3)
2026-06-02 09:25:45,712 INFO agents.supervisor [Supervisor] route_after_analysis: duplicate \u2192 drop
2026-06-02 09:25:45,713 WARNING infrastructure.chroma_client ChromaDB query failed [nist_csf]: Collection [nist_csf] does not exist
2026-06-02 09:25:45,716 INFO agents.log_analysis_agent [LogAnalysis] Done — noise=False iocs=0 mitre=[]
2026-06-02 09:25:45,843 INFO agents.supervisor [Supervisor] Dropping alert 1780287406.662919 — reason=duplicate
2026-06-02 09:25:45,845 INFO agents.log_analysis_agent [LogAnalysis] Processing alert 1780287406.596699 (rule=19009 lvl=3)
2026-06-02 09:25:45,847 INFO agents.log_analysis_agent [LogAnalysis] Done — noise=False iocs=0 mitre=[]
2026-06-02 09:25:45,916 INFO agents.supervisor [Supervisor] route_after_analysis: duplicate \u2192 drop
2026-06-02 09:25:45,916 INFO agents.supervisor [Supervisor] route_after_analysis: duplicate \u2192 drop
2026-06-02 09:25:45,920 INFO agents.playbook_gen_agent [PlaybookGen] RAG retrieved 0 chunks from 5 collections
2026-06-02 09:25:45,936 INFO agents.supervisor [Supervisor] route_after_analysis: duplicate \u2192 drop
2026-06-02 09:25:45,943 INFO agents.log_analysis_agent [LogAnalysis] Done — noise=False iocs=0 mitre=[]
2026-06-02 09:25:45,951 INFO agents.supervisor [Supervisor] Dropping alert 1780287406.659634 — reason=duplicate
2026-06-02 09:25:45,956 INFO agents.supervisor [Supervisor] Dropping alert 1780287406.656349 — reason=duplicate
2026-06-02 09:25:45,960 INFO agents.supervisor [Supervisor] Dropping alert 1780287406.653558 — reason=duplicate
2026-06-02 09:25:45,968 INFO agents.supervisor [Supervisor] route_after_analysis: duplicate \u2192 drop
2026-06-02 09:25:47,752 INFO agents.log_analysis_agent [LogAnalysis] Done — noise=False iocs=0 mitre=[]
2026-06-02 09:25:47,753 INFO agents.supervisor [Supervisor] Dropping alert 1780287406.650782 — reason=duplicate
2026-06-02 09:25:47,757 INFO agents.supervisor [Supervisor] route_after_analysis: duplicate \u2192 drop
2026-06-02 09:25:47,765 INFO agents.supervisor [Supervisor] Dropping alert 1780287406.647841 — reason=duplicate
2026-06-02 09:25:47,774 INFO agents.supervisor [Supervisor] Dropping alert 1780287406.644517 — reason=duplicate
2026-06-02 09:25:47,778 INFO agents.supervisor [Supervisor] Dropping alert 1780287406.641036 — reason=duplicate
2026-06-02 09:25:47,783 INFO agents.supervisor [Supervisor] Dropping alert 1780287406.637502 — reason=duplicate
2026-06-02 09:25:47,787 INFO __main__ [Pipeline] Finished alert 1780297444.702567 \u2192 stage=dropped
2026-06-02 09:25:47,793 INFO __main__ [Pipeline] Starting alert 1780287406.593827 (LOW)
2026-06-02 09:25:47,797 INFO agents.supervisor [Supervisor] Dropping alert 1780287406.631481 — reason=duplicate
2026-06-02 09:25:47,810 INFO __main__ [Pipeline] Finished alert 1780290076.702321 \u2192 stage=dropped
2026-06-02 09:25:47,825 INFO __main__ [Pipeline] Finished alert 1780287424.700817 \u2192 stage=dropped
2026-06-02 09:25:47,826 INFO agents.supervisor [Supervisor] Dropping alert 1780287406.625252 — reason=duplicate
2026-06-02 09:25:47,832 INFO __main__ [Pipeline] Starting alert 1780287406.591128 (LOW)
2026-06-02 09:25:47,848 INFO __main__ [Pipeline] Starting alert 1780287406.588288 (LOW)
2026-06-02 09:25:47,853 INFO __main__ [Pipeline] Finished alert 1780287406.689594 \u2192 stage=dropped
2026-06-02 09:25:47,856 INFO __main__ [Pipeline] Starting alert 1780287406.584756 (LOW)
2026-06-02 09:25:47,860 INFO agents.supervisor [Supervisor] route_after_analysis: duplicate \u2192 drop
2026-06-02 09:25:47,865 INFO agents.supervisor [Supervisor] route_after_analysis: duplicate \u2192 drop
2026-06-02 09:25:47,868 INFO __main__ [Pipeline] Finished alert 1780287413.699331 \u2192 stage=dropped
2026-06-02 09:25:47,869 INFO __main__ [Pipeline] Finished alert 1780287406.685746 \u2192 stage=dropped
2026-06-02 09:25:47,883 INFO __main__ [Pipeline] Starting alert 1780287406.578001 (LOW)
2026-06-02 09:25:47,886 INFO __main__ [Pipeline] Starting alert 1780287406.572508 (LOW)
2026-06-02 09:25:47,897 INFO __main__ [Pipeline] Finished alert 1780287406.662919 \u2192 stage=dropped
2026-06-02 09:25:47,897 INFO agents.supervisor [Supervisor] route_after_analysis: duplicate \u2192 drop
2026-06-02 09:25:47,905 INFO __main__ [Pipeline] Starting alert 1780287406.568970 (LOW)
2026-06-02 09:25:47,906 INFO agents.supervisor [Supervisor] route_after_analysis: duplicate \u2192 drop
2026-06-02 09:25:47,907 INFO agents.supervisor [Supervisor] route_after_analysis: duplicate \u2192 drop
2026-06-02 09:25:47,908 INFO agents.supervisor [Supervisor] route_after_analysis: duplicate \u2192 drop
2026-06-02 09:25:47,910 INFO __main__ [Pipeline] Finished alert 1780287406.682386 \u2192 stage=dropped
2026-06-02 09:25:47,913 INFO __main__ [Pipeline] Starting alert 1780287406.563575 (LOW)
2026-06-02 09:25:47,921 INFO __main__ [Pipeline] Finished alert 1780287406.694516 \u2192 stage=dropped
2026-06-02 09:25:47,921 INFO __main__ [Pipeline] Finished alert 1780287406.659634 \u2192 stage=dropped
2026-06-02 09:25:47,922 INFO __main__ [Pipeline] Finished alert 1780287406.656349 \u2192 stage=dropped
2026-06-02 09:25:47,922 INFO __main__ [Pipeline] Finished alert 1780287406.653558 \u2192 stage=dropped
2026-06-02 09:25:47,922 INFO __main__ [Pipeline] Finished alert 1780287406.675548 \u2192 stage=dropped
2026-06-02 09:25:47,923 INFO __main__ [Pipeline] Finished alert 1780287406.678904 \u2192 stage=dropped
2026-06-02 09:25:47,923 INFO __main__ [Pipeline] Finished alert 1780287406.672076 \u2192 stage=dropped
2026-06-02 09:25:47,928 INFO __main__ [Pipeline] Starting alert 1780287406.559173 (LOW)
2026-06-02 09:25:47,931 INFO __main__ [Pipeline] Starting alert 1780287406.555861 (LOW)
2026-06-02 09:25:47,933 INFO __main__ [Pipeline] Starting alert 1780287406.553103 (LOW)
2026-06-02 09:25:47,936 INFO __main__ [Pipeline] Starting alert 1780287406.547672 (LOW)
2026-06-02 09:25:47,938 INFO __main__ [Pipeline] Starting alert 1780287406.543349 (LOW)
2026-06-02 09:25:47,941 INFO __main__ [Pipeline] Starting alert 1780287406.540143 (LOW)
2026-06-02 09:25:47,943 INFO __main__ [Pipeline] Finished alert 1780287406.697309 \u2192 stage=dropped
2026-06-02 09:25:47,956 INFO agents.supervisor [Supervisor] Dropping alert 1780287406.618667 — reason=duplicate
2026-06-02 09:25:47,957 INFO agents.supervisor [Supervisor] Dropping alert 1780287406.611486 — reason=duplicate
2026-06-02 09:25:47,964 INFO __main__ [Pipeline] Starting alert 1780287406.535901 (LOW)
2026-06-02 09:25:47,968 INFO agents.log_analysis_agent [LogAnalysis] Processing alert 1780287406.593827 (rule=19009 lvl=3)
2026-06-02 09:25:47,973 INFO __main__ [Pipeline] Finished alert 1780287406.669205 \u2192 stage=dropped
2026-06-02 09:25:47,984 INFO __main__ [Pipeline] Finished alert 1780287406.650782 \u2192 stage=dropped
2026-06-02 09:25:47,987 INFO __main__ [Pipeline] Starting alert 1780287406.531882 (LOW)
2026-06-02 09:25:48,008 INFO agents.log_analysis_agent [LogAnalysis] Processing alert 1780287406.591128 (rule=19009 lvl=3)
2026-06-02 09:25:48,009 INFO agents.log_analysis_agent [LogAnalysis] Processing alert 1780287406.588288 (rule=19009 lvl=3)
2026-06-02 09:25:48,015 INFO agents.supervisor [Supervisor] Dropping alert 1780287406.607778 — reason=duplicate
2026-06-02 09:25:48,016 INFO agents.supervisor [Supervisor] Dropping alert 1780287406.603402 — reason=duplicate
2026-06-02 09:25:48,021 INFO agents.supervisor [Supervisor] Dropping alert 1780287406.599830 — reason=duplicate
2026-06-02 09:25:48,029 INFO agents.supervisor [Supervisor] Dropping alert 1780287406.596699 — reason=duplicate
2026-06-02 09:25:48,032 INFO __main__ [Pipeline] Starting alert 1780287406.527400 (LOW)
2026-06-02 09:25:48,073 INFO agents.log_analysis_agent [LogAnalysis] Processing alert 1780287406.584756 (rule=19008 lvl=3)
2026-06-02 09:25:48,078 INFO agents.log_analysis_agent [LogAnalysis] Done — noise=False iocs=0 mitre=[]
2026-06-02 09:25:48,084 INFO __main__ [Pipeline] Finished alert 1780287406.647841 \u2192 stage=dropped
2026-06-02 09:25:48,085 INFO __main__ [Pipeline] Finished alert 1780287406.665986 \u2192 stage=dropped
2026-06-02 09:25:48,087 INFO openai._base_client Retrying request to /chat/completions in 0.381071 seconds
2026-06-02 09:25:48,091 INFO __main__ [Pipeline] Starting alert 1780287406.523346 (LOW)
2026-06-02 09:25:48,109 INFO agents.log_analysis_agent [LogAnalysis] Processing alert 1780287406.578001 (rule=19009 lvl=3)
2026-06-02 09:25:48,110 INFO agents.log_analysis_agent [LogAnalysis] Processing alert 1780287406.572508 (rule=19009 lvl=3)
2026-06-02 09:25:48,123 INFO __main__ [Pipeline] Finished alert 1780287406.641036 \u2192 stage=dropped
2026-06-02 09:25:48,124 INFO __main__ [Pipeline] Finished alert 1780287406.644517 \u2192 stage=dropped
2026-06-02 09:25:48,125 INFO __main__ [Pipeline] Starting alert 1780287406.518787 (LOW)
2026-06-02 09:25:48,130 INFO agents.log_analysis_agent [LogAnalysis] Done — noise=False iocs=0 mitre=[]
2026-06-02 09:25:48,132 INFO agents.log_analysis_agent [LogAnalysis] Done — noise=False iocs=0 mitre=[]
2026-06-02 09:25:48,136 INFO __main__ [Pipeline] Starting alert 1780287406.513560 (LOW)
2026-06-02 09:25:48,140 INFO agents.log_analysis_agent [LogAnalysis] Processing alert 1780287406.568970 (rule=19009 lvl=3)
2026-06-02 09:25:48,142 INFO __main__ [Pipeline] Finished alert 1780287406.637502 \u2192 stage=dropped
2026-06-02 09:25:48,144 INFO agents.log_analysis_agent [LogAnalysis] Done — noise=False iocs=0 mitre=[]
2026-06-02 09:25:48,145 INFO agents.log_analysis_agent [LogAnalysis] Processing alert 1780287406.563575 (rule=19009 lvl=3)
2026-06-02 09:25:48,146 INFO __main__ [Pipeline] Finished alert 1780287406.631481 \u2192 stage=dropped
2026-06-02 09:25:48,149 INFO __main__ [Pipeline] Finished alert 1780287406.625252 \u2192 stage=dropped
2026-06-02 09:25:48,150 INFO __main__ [Pipeline] Starting alert 1780287406.507325 (LOW)
2026-06-02 09:25:48,156 INFO agents.log_analysis_agent [LogAnalysis] Done — noise=False iocs=0 mitre=[]
2026-06-02 09:25:48,157 INFO agents.log_analysis_agent [LogAnalysis] Done — noise=False iocs=0 mitre=[]
2026-06-02 09:25:48,161 INFO __main__ [Pipeline] Starting alert 1780287406.504241 (HIGH)
2026-06-02 09:25:48,177 INFO agents.log_analysis_agent [LogAnalysis] Processing alert 1780287406.559173 (rule=19009 lvl=3)
2026-06-02 09:25:48,178 INFO agents.log_analysis_agent [LogAnalysis] Processing alert 1780287406.555861 (rule=19009 lvl=3)
2026-06-02 09:25:48,179 INFO agents.log_analysis_agent [LogAnalysis] Processing alert 1780287406.553103 (rule=19009 lvl=3)
2026-06-02 09:25:48,179 INFO agents.log_analysis_agent [LogAnalysis] Processing alert 1780287406.547672 (rule=19009 lvl=3)
2026-06-02 09:25:48,180 INFO agents.log_analysis_agent [LogAnalysis] Processing alert 1780287406.543349 (rule=19009 lvl=3)
2026-06-02 09:25:48,181 INFO agents.log_analysis_agent [LogAnalysis] Processing alert 1780287406.540143 (rule=19009 lvl=3)
2026-06-02 09:25:48,184 INFO __main__ [Pipeline] Starting alert 1780287406.499501 (HIGH)
2026-06-02 09:25:48,187 INFO agents.log_analysis_agent [LogAnalysis] Done — noise=False iocs=0 mitre=[]
2026-06-02 09:25:48,238 INFO agents.log_analysis_agent [LogAnalysis] Processing alert 1780287406.535901 (rule=19009 lvl=3)
2026-06-02 09:25:48,242 INFO agents.log_analysis_agent [LogAnalysis] Done — noise=False iocs=0 mitre=[]
2026-06-02 09:25:48,252 INFO __main__ [Pipeline] Starting alert 1780287406.494621 (HIGH)
2026-06-02 09:25:48,312 INFO agents.supervisor [Supervisor] route_after_analysis: duplicate \u2192 drop
2026-06-02 09:25:48,312 INFO agents.log_analysis_agent [LogAnalysis] Processing alert 1780287406.531882 (rule=19009 lvl=3)
2026-06-02 09:25:48,316 INFO __main__ [Pipeline] Starting alert 1780287406.490599 (HIGH)
2026-06-02 09:25:48,322 INFO agents.log_analysis_agent [LogAnalysis] Done — noise=False iocs=0 mitre=[]
2026-06-02 09:25:48,328 INFO agents.log_analysis_agent [LogAnalysis] Processing alert 1780287406.527400 (rule=19009 lvl=3)
2026-06-02 09:25:48,337 INFO agents.log_analysis_agent [LogAnalysis] Done — noise=False iocs=0 mitre=[]
2026-06-02 09:25:48,339 INFO agents.log_analysis_agent [LogAnalysis] Done — noise=False iocs=0 mitre=[]
2026-06-02 09:25:48,340 INFO agents.log_analysis_agent [LogAnalysis] Done — noise=False iocs=0 mitre=[]
2026-06-02 09:25:48,341 INFO agents.log_analysis_agent [LogAnalysis] Done — noise=False iocs=0 mitre=[]
2026-06-02 09:25:48,342 INFO agents.log_analysis_agent [LogAnalysis] Done — noise=False iocs=0 mitre=[]
2026-06-02 09:25:48,351 INFO agents.log_analysis_agent [LogAnalysis] Processing alert 1780287406.523346 (rule=19009 lvl=3)
2026-06-02 09:25:48,351 INFO agents.supervisor [Supervisor] route_after_analysis: duplicate \u2192 drop
2026-06-02 09:25:48,353 INFO agents.supervisor [Supervisor] route_after_analysis: duplicate \u2192 drop
2026-06-02 09:25:48,357 INFO agents.log_analysis_agent [LogAnalysis] Done — noise=False iocs=0 mitre=[]
2026-06-02 09:25:48,361 INFO agents.supervisor [Supervisor] route_after_analysis: duplicate \u2192 drop
2026-06-02 09:25:48,362 INFO agents.log_analysis_agent [LogAnalysis] Processing alert 1780287406.518787 (rule=19009 lvl=3)
2026-06-02 09:25:48,384 INFO __main__ [Pipeline] Finished alert 1780287406.618667 \u2192 stage=dropped
2026-06-02 09:25:48,388 INFO __main__ [Pipeline] Finished alert 1780287406.611486 \u2192 stage=dropped
2026-06-02 09:25:48,390 INFO agents.supervisor [Supervisor] route_after_analysis: duplicate \u2192 drop
2026-06-02 09:25:48,391 INFO __main__ [Pipeline] Starting alert 1780287406.486733 (HIGH)
2026-06-02 09:25:48,392 INFO agents.supervisor [Supervisor] route_after_analysis: duplicate \u2192 drop
2026-06-02 09:25:48,398 INFO __main__ [Pipeline] Starting alert 1780287406.482883 (HIGH)
2026-06-02 09:25:48,413 INFO agents.log_analysis_agent [LogAnalysis] Done — noise=False iocs=0 mitre=[]
2026-06-02 09:25:48,417 INFO agents.log_analysis_agent [LogAnalysis] Processing alert 1780287406.513560 (rule=19009 lvl=3)
2026-06-02 09:25:48,427 INFO agents.log_analysis_agent [LogAnalysis] Processing alert 1780287406.507325 (rule=19009 lvl=3)
2026-06-02 09:25:48,436 INFO agents.log_analysis_agent [LogAnalysis] Done — noise=False iocs=0 mitre=[]
2026-06-02 09:25:48,437 INFO agents.supervisor [Supervisor] route_after_analysis: duplicate \u2192 drop
2026-06-02 09:25:48,442 INFO agents.supervisor [Supervisor] Dropping alert 1780287406.593827 — reason=duplicate
2026-06-02 09:25:48,446 INFO __main__ [Pipeline] Finished alert 1780287406.607778 \u2192 stage=dropped
2026-06-02 09:25:48,452 INFO agents.log_analysis_agent [LogAnalysis] Done — noise=False iocs=0 mitre=[]
2026-06-02 09:25:48,452 INFO agents.supervisor [Supervisor] route_after_analysis: duplicate \u2192 drop
2026-06-02 09:25:48,454 INFO __main__ [Pipeline] Starting alert 1780287406.479055 (HIGH)
2026-06-02 09:25:48,460 INFO agents.log_analysis_agent [LogAnalysis] Processing alert 1780287406.504241 (rule=19007 lvl=7)
2026-06-02 09:25:48,462 INFO __main__ [Pipeline] Finished alert 1780287406.599830 \u2192 stage=dropped
2026-06-02 09:25:48,466 INFO __main__ [Pipeline] Finished alert 1780287406.603402 \u2192 stage=dropped
2026-06-02 09:25:48,466 INFO __main__ [Pipeline] Finished alert 1780287406.596699 \u2192 stage=dropped
2026-06-02 09:25:48,472 INFO agents.log_analysis_agent [LogAnalysis] Done — noise=False iocs=0 mitre=[]
2026-06-02 09:25:48,476 INFO __main__ [Pipeline] Starting alert 1780287406.475235 (HIGH)
2026-06-02 09:25:48,484 INFO agents.log_analysis_agent [LogAnalysis] Done — noise=False iocs=0 mitre=[]
2026-06-02 09:25:48,487 INFO __main__ [Pipeline] Starting alert 1780287406.471641 (HIGH)
2026-06-02 09:25:48,491 INFO agents.log_analysis_agent [LogAnalysis] Processing alert 1780287406.499501 (rule=19007 lvl=7)
2026-06-02 09:25:48,507 INFO agents.supervisor [Supervisor] route_after_analysis: duplicate \u2192 drop
2026-06-02 09:25:48,509 INFO __main__ [Pipeline] Starting alert 1780287406.469437 (LOW)
2026-06-02 09:25:48,517 INFO agents.supervisor [Supervisor] Dropping alert 1780287406.591128 — reason=duplicate
2026-06-02 09:25:48,521 INFO agents.log_analysis_agent [LogAnalysis] Done — noise=False iocs=0 mitre=[]
2026-06-02 09:25:48,525 INFO agents.log_analysis_agent [LogAnalysis] Processing alert 1780287406.494621 (rule=19007 lvl=7)
2026-06-02 09:25:48,528 INFO agents.supervisor [Supervisor] Dropping alert 1780287406.588288 — reason=duplicate
2026-06-02 09:25:48,533 INFO agents.supervisor [Supervisor] route_after_analysis: duplicate \u2192 drop
2026-06-02 09:25:48,534 INFO agents.log_analysis_agent [LogAnalysis] Done — noise=False iocs=0 mitre=[]
2026-06-02 09:25:48,537 INFO agents.supervisor [Supervisor] route_after_analysis: duplicate \u2192 drop
2026-06-02 09:25:48,541 INFO agents.supervisor [Supervisor] Dropping alert 1780287406.584756 — reason=duplicate
2026-06-02 09:25:48,545 INFO agents.supervisor [Supervisor] route_after_analysis: duplicate \u2192 drop
2026-06-02 09:25:48,550 INFO agents.supervisor [Supervisor] route_after_analysis: duplicate \u2192 drop
2026-06-02 09:25:48,550 INFO agents.supervisor [Supervisor] Dropping alert 1780287406.572508 — reason=duplicate
2026-06-02 09:25:48,550 INFO agents.supervisor [Supervisor] route_after_analysis: duplicate \u2192 drop
2026-06-02 09:25:48,555 INFO agents.supervisor [Supervisor] Dropping alert 1780287406.578001 — reason=duplicate
2026-06-02 09:25:48,573 INFO agents.log_analysis_agent [LogAnalysis] Processing alert 1780287406.490599 (rule=19007 lvl=7)
2026-06-02 09:25:48,584 INFO agents.log_analysis_agent [LogAnalysis] Done — noise=False iocs=0 mitre=[]
2026-06-02 09:25:48,586 INFO agents.supervisor [Supervisor] route_after_analysis: duplicate \u2192 drop
2026-06-02 09:25:48,589 INFO agents.log_analysis_agent [LogAnalysis] Done — noise=False iocs=0 mitre=[]
2026-06-02 09:25:48,592 INFO agents.supervisor [Supervisor] route_after_analysis: duplicate \u2192 drop
2026-06-02 09:25:48,593 INFO agents.supervisor [Supervisor] Dropping alert 1780287406.568970 — reason=duplicate
2026-06-02 09:25:48,597 INFO agents.log_analysis_agent [LogAnalysis] Done — noise=False iocs=0 mitre=[]
2026-06-02 09:25:48,599 INFO agents.supervisor [Supervisor] Dropping alert 1780287406.563575 — reason=duplicate
2026-06-02 09:25:48,609 INFO agents.log_analysis_agent [LogAnalysis] Processing alert 1780287406.486733 (rule=19007 lvl=7)
2026-06-02 09:25:48,609 INFO agents.supervisor [Supervisor] route_after_analysis: duplicate \u2192 drop
2026-06-02 09:25:48,646 INFO agents.log_analysis_agent [LogAnalysis] Processing alert 1780287406.482883 (rule=19007 lvl=7)
2026-06-02 09:25:48,691 INFO agents.supervisor [Supervisor] Dropping alert 1780287406.553103 — reason=duplicate
2026-06-02 09:25:48,695 INFO agents.supervisor [Supervisor] route_after_analysis: duplicate \u2192 drop
2026-06-02 09:25:48,699 INFO agents.supervisor [Supervisor] Dropping alert 1780287406.559173 — reason=duplicate
2026-06-02 09:25:48,699 INFO agents.supervisor [Supervisor] route_after_analysis: duplicate \u2192 drop
2026-06-02 09:25:48,703 INFO agents.supervisor [Supervisor] route_after_analysis: duplicate \u2192 drop
2026-06-02 09:25:48,705 INFO agents.supervisor [Supervisor] Dropping alert 1780287406.543349 — reason=duplicate
2026-06-02 09:25:48,716 INFO agents.supervisor [Supervisor] Dropping alert 1780287406.535901 — reason=duplicate
2026-06-02 09:25:48,719 INFO openai._base_client Retrying request to /chat/completions in 0.918085 seconds
2026-06-02 09:25:48,722 INFO agents.supervisor [Supervisor] Dropping alert 1780287406.547672 — reason=duplicate
2026-06-02 09:25:48,726 INFO agents.supervisor [Supervisor] Dropping alert 1780287406.555861 — reason=duplicate
2026-06-02 09:25:48,732 INFO agents.log_analysis_agent [LogAnalysis] Processing alert 1780287406.479055 (rule=19007 lvl=7)
2026-06-02 09:25:48,737 INFO agents.supervisor [Supervisor] route_after_analysis: duplicate \u2192 drop
2026-06-02 09:25:48,737 INFO agents.supervisor [Supervisor] route_after_analysis: duplicate \u2192 drop
2026-06-02 09:25:48,738 INFO agents.log_analysis_agent [LogAnalysis] Done — noise=False iocs=0 mitre=[]
2026-06-02 09:25:48,747 INFO agents.log_analysis_agent [LogAnalysis] Done — noise=False iocs=0 mitre=[]
2026-06-02 09:25:48,753 INFO agents.log_analysis_agent [LogAnalysis] Processing alert 1780287406.475235 (rule=19007 lvl=7)
2026-06-02 09:25:48,757 INFO agents.supervisor [Supervisor] Dropping alert 1780287406.531882 — reason=duplicate
2026-06-02 09:25:48,761 INFO agents.log_analysis_agent [LogAnalysis] Processing alert 1780287406.471641 (rule=19007 lvl=7)
2026-06-02 09:25:48,763 INFO agents.supervisor [Supervisor] Dropping alert 1780287406.527400 — reason=duplicate
2026-06-02 09:25:48,765 INFO agents.log_analysis_agent [LogAnalysis] Processing alert 1780287406.469437 (rule=19009 lvl=3)
2026-06-02 09:25:48,770 INFO agents.supervisor [Supervisor] route_after_analysis: duplicate \u2192 drop
2026-06-02 09:25:48,775 INFO agents.log_analysis_agent [LogAnalysis] Done — noise=False iocs=0 mitre=[]
2026-06-02 09:25:48,775 INFO agents.supervisor [Supervisor] route_after_analysis: duplicate \u2192 drop
2026-06-02 09:25:48,778 INFO agents.supervisor [Supervisor] Dropping alert 1780287406.523346 — reason=duplicate
2026-06-02 09:25:48,782 INFO __main__ [Pipeline] Finished alert 1780287406.593827 \u2192 stage=dropped
2026-06-02 09:25:48,784 INFO agents.log_analysis_agent [LogAnalysis] Done — noise=False iocs=0 mitre=[]
2026-06-02 09:25:48,785 INFO __main__ [Pipeline] Starting alert 1780287406.465978 (LOW)
2026-06-02 09:25:48,794 INFO agents.log_analysis_agent [LogAnalysis] Done — noise=False iocs=0 mitre=[]
2026-06-02 09:25:48,824 INFO agents.supervisor [Supervisor] Dropping alert 1780287406.518787 — reason=duplicate
2026-06-02 09:25:48,830 INFO agents.supervisor [Supervisor] route_after_analysis: duplicate \u2192 drop
2026-06-02 09:25:48,831 INFO agents.log_analysis_agent [LogAnalysis] Done — noise=False iocs=0 mitre=[]
2026-06-02 09:25:48,838 INFO agents.supervisor [Supervisor] Dropping alert 1780287406.540143 — reason=duplicate
2026-06-02 09:25:48,839 INFO agents.supervisor [Supervisor] Dropping alert 1780287406.513560 — reason=duplicate
2026-06-02 09:25:48,846 INFO __main__ [Pipeline] Finished alert 1780287406.591128 \u2192 stage=dropped
2026-06-02 09:25:48,848 INFO agents.supervisor [Supervisor] Dropping alert 1780287406.507325 — reason=duplicate
2026-06-02 09:25:48,849 INFO agents.supervisor [Supervisor] Dropping alert 1780287406.504241 — reason=duplicate
2026-06-02 09:25:48,852 INFO __main__ [Pipeline] Starting alert 1780287406.462587 (LOW)
2026-06-02 09:25:48,863 INFO __main__ [Pipeline] Finished alert 1780287406.588288 \u2192 stage=dropped
2026-06-02 09:25:48,867 INFO __main__ [Pipeline] Starting alert 1780287406.459355 (LOW)
2026-06-02 09:25:48,871 INFO __main__ [Pipeline] Finished alert 1780287406.584756 \u2192 stage=dropped
2026-06-02 09:25:48,876 INFO __main__ [Pipeline] Starting alert 1780287406.456158 (LOW)
2026-06-02 09:25:48,882 INFO __main__ [Pipeline] Finished alert 1780287406.572508 \u2192 stage=dropped
2026-06-02 09:25:48,882 INFO __main__ [Pipeline] Finished alert 1780287406.578001 \u2192 stage=dropped
2026-06-02 09:25:48,888 INFO agents.supervisor [Supervisor] route_after_analysis: duplicate \u2192 drop
2026-06-02 09:25:48,889 INFO __main__ [Pipeline] Starting alert 1780287406.452196 (LOW)
2026-06-02 09:25:48,892 INFO agents.supervisor [Supervisor] route_after_analysis: duplicate \u2192 drop
2026-06-02 09:25:48,895 INFO __main__ [Pipeline] Starting alert 1780287406.448782 (LOW)
2026-06-02 09:25:48,935 INFO agents.supervisor [Supervisor] Dropping alert 1780287406.499501 — reason=duplicate
2026-06-02 09:25:48,942 INFO agents.supervisor [Supervisor] Dropping alert 1780287406.494621 — reason=duplicate
2026-06-02 09:25:48,952 INFO __main__ [Pipeline] Finished alert 1780287406.568970 \u2192 stage=dropped
2026-06-02 09:25:48,958 INFO agents.supervisor [Supervisor] Dropping alert 1780287406.490599 — reason=duplicate
2026-06-02 09:25:48,983 INFO __main__ [Pipeline] Starting alert 1780287406.445639 (HIGH)
2026-06-02 09:25:48,985 INFO agents.supervisor [Supervisor] route_after_analysis: duplicate \u2192 drop
2026-06-02 09:25:48,995 INFO agents.supervisor [Supervisor] route_after_analysis: duplicate \u2192 drop
2026-06-02 09:25:48,996 INFO __main__ [Pipeline] Finished alert 1780287406.563575 \u2192 stage=dropped
2026-06-02 09:25:49,002 INFO __main__ [Pipeline] Starting alert 1780287406.441465 (LOW)
2026-06-02 09:25:49,002 INFO agents.supervisor [Supervisor] route_after_analysis: duplicate \u2192 drop
2026-06-02 09:25:49,006 INFO __main__ [Pipeline] Finished alert 1780287406.553103 \u2192 stage=dropped
2026-06-02 09:25:49,011 INFO __main__ [Pipeline] Starting alert 1780287406.437792 (LOW)
2026-06-02 09:25:49,011 INFO agents.supervisor [Supervisor] route_after_analysis: duplicate \u2192 drop
2026-06-02 09:25:49,017 INFO __main__ [Pipeline] Finished alert 1780287406.559173 \u2192 stage=dropped
2026-06-02 09:25:49,021 INFO __main__ [Pipeline] Starting alert 1780287406.434181 (LOW)
2026-06-02 09:25:49,024 INFO __main__ [Pipeline] Finished alert 1780287406.543349 \u2192 stage=dropped
2026-06-02 09:25:49,025 INFO agents.log_analysis_agent [LogAnalysis] Processing alert 1780287406.465978 (rule=19009 lvl=3)
2026-06-02 09:25:49,029 INFO __main__ [Pipeline] Starting alert 1780287406.431519 (LOW)
2026-06-02 09:25:49,032 INFO __main__ [Pipeline] Finished alert 1780287406.555861 \u2192 stage=dropped
2026-06-02 09:25:49,032 INFO __main__ [Pipeline] Finished alert 1780287406.547672 \u2192 stage=dropped
2026-06-02 09:25:49,032 INFO __main__ [Pipeline] Finished alert 1780287406.535901 \u2192 stage=dropped
2026-06-02 09:25:49,034 INFO agents.supervisor [Supervisor] Dropping alert 1780287406.486733 — reason=duplicate
2026-06-02 09:25:49,035 INFO agents.supervisor [Supervisor] Dropping alert 1780287406.482883 — reason=duplicate
2026-06-02 09:25:49,037 INFO __main__ [Pipeline] Starting alert 1780287406.428727 (HIGH)
2026-06-02 09:25:49,040 INFO __main__ [Pipeline] Starting alert 1780287406.424284 (LOW)
2026-06-02 09:25:49,079 INFO __main__ [Pipeline] Starting alert 1780287406.420744 (LOW)
2026-06-02 09:25:49,090 INFO __main__ [Pipeline] Finished alert 1780287406.531882 \u2192 stage=dropped
2026-06-02 09:25:49,095 INFO __main__ [Pipeline] Starting alert 1780287406.417077 (LOW)
2026-06-02 09:25:49,098 INFO agents.log_analysis_agent [LogAnalysis] Processing alert 1780287406.462587 (rule=19009 lvl=3)
2026-06-02 09:25:49,102 INFO __main__ [Pipeline] Finished alert 1780287406.527400 \u2192 stage=dropped
2026-06-02 09:25:49,109 INFO agents.log_analysis_agent [LogAnalysis] Done — noise=False iocs=0 mitre=[]
2026-06-02 09:25:49,111 INFO agents.log_analysis_agent [LogAnalysis] Processing alert 1780287406.459355 (rule=19009 lvl=3)
2026-06-02 09:25:49,113 INFO agents.supervisor [Supervisor] Dropping alert 1780287406.479055 — reason=duplicate
2026-06-02 09:25:49,163 INFO __main__ [Pipeline] Starting alert 1780287405.413470 (LOW)
2026-06-02 09:25:49,174 INFO agents.log_analysis_agent [LogAnalysis] Processing alert 1780287406.456158 (rule=19009 lvl=3)
2026-06-02 09:25:49,180 INFO agents.supervisor [Supervisor] Dropping alert 1780287406.475235 — reason=duplicate
2026-06-02 09:25:49,185 INFO agents.log_analysis_agent [LogAnalysis] Processing alert 1780287406.452196 (rule=19009 lvl=3)
2026-06-02 09:25:49,237 INFO agents.log_analysis_agent [LogAnalysis] Processing alert 1780287406.448782 (rule=19009 lvl=3)
2026-06-02 09:25:49,244 INFO agents.supervisor [Supervisor] Dropping alert 1780287406.471641 — reason=duplicate
2026-06-02 09:25:49,249 INFO __main__ [Pipeline] Finished alert 1780287406.523346 \u2192 stage=dropped
2026-06-02 09:25:49,256 INFO agents.supervisor [Supervisor] Dropping alert 1780287406.469437 — reason=duplicate
2026-06-02 09:25:49,257 INFO __main__ [Pipeline] Starting alert 1780287405.409856 (LOW)
2026-06-02 09:25:49,387 INFO __main__ [Pipeline] Finished alert 1780287406.518787 \u2192 stage=dropped
2026-06-02 09:25:49,389 INFO agents.log_analysis_agent [LogAnalysis] Done — noise=False iocs=0 mitre=[]
2026-06-02 09:25:49,436 INFO agents.log_analysis_agent [LogAnalysis] Done — noise=False iocs=0 mitre=[]
2026-06-02 09:25:49,438 INFO __main__ [Pipeline] Starting alert 1780287405.406118 (LOW)
2026-06-02 09:25:49,444 INFO __main__ [Pipeline] Finished alert 1780287406.540143 \u2192 stage=dropped
2026-06-02 09:25:49,457 INFO __main__ [Pipeline] Starting alert 1780287405.401733 (HIGH)
2026-06-02 09:25:49,462 INFO __main__ [Pipeline] Finished alert 1780287406.513560 \u2192 stage=dropped
2026-06-02 09:25:49,467 INFO agents.log_analysis_agent [LogAnalysis] Done — noise=False iocs=0 mitre=[]
2026-06-02 09:25:49,472 INFO agents.log_analysis_agent [LogAnalysis] Done — noise=False iocs=0 mitre=[]
2026-06-02 09:25:49,476 INFO agents.log_analysis_agent [LogAnalysis] Done — noise=False iocs=0 mitre=[]
2026-06-02 09:25:49,476 INFO agents.log_analysis_agent [LogAnalysis] Processing alert 1780287406.445639 (rule=19007 lvl=7)
2026-06-02 09:25:49,481 INFO __main__ [Pipeline] Starting alert 1780287405.398200 (LOW)
2026-06-02 09:25:49,489 INFO __main__ [Pipeline] Finished alert 1780287406.507325 \u2192 stage=dropped
2026-06-02 09:25:49,492 INFO __main__ [Pipeline] Finished alert 1780287406.504241 \u2192 stage=dropped
2026-06-02 09:25:49,495 INFO __main__ [Pipeline] Starting alert 1780287405.393850 (HIGH)
2026-06-02 09:25:49,507 INFO __main__ [Pipeline] Starting alert 1780287405.386953 (HIGH)
2026-06-02 09:25:49,512 INFO agents.log_analysis_agent [LogAnalysis] Processing alert 1780287406.441465 (rule=19009 lvl=3)
2026-06-02 09:25:49,517 INFO agents.log_analysis_agent [LogAnalysis] Processing alert 1780287406.437792 (rule=19009 lvl=3)
2026-06-02 09:25:49,525 INFO agents.log_analysis_agent [LogAnalysis] Processing alert 1780287406.434181 (rule=19009 lvl=3)
2026-06-02 09:25:49,528 INFO agents.log_analysis_agent [LogAnalysis] Processing alert 1780287406.431519 (rule=19009 lvl=3)
2026-06-02 09:25:49,534 INFO agents.log_analysis_agent [LogAnalysis] Done — noise=False iocs=0 mitre=[]
2026-06-02 09:25:49,535 INFO agents.log_analysis_agent [LogAnalysis] Processing alert 1780287406.428727 (rule=19007 lvl=7)
2026-06-02 09:25:49,536 INFO agents.log_analysis_agent [LogAnalysis] Processing alert 1780287406.424284 (rule=19008 lvl=3)
2026-06-02 09:25:49,539 INFO agents.log_analysis_agent [LogAnalysis] Processing alert 1780287406.420744 (rule=19008 lvl=3)
2026-06-02 09:25:49,540 INFO __main__ [Pipeline] Finished alert 1780287406.499501 \u2192 stage=dropped
2026-06-02 09:25:49,541 INFO agents.supervisor [Supervisor] route_after_analysis: duplicate \u2192 drop
2026-06-02 09:25:49,543 INFO __main__ [Pipeline] Starting alert 1780287405.381809 (HIGH)
2026-06-02 09:25:49,548 INFO agents.log_analysis_agent [LogAnalysis] Done — noise=False iocs=0 mitre=[]
2026-06-02 09:25:49,550 INFO __main__ [Pipeline] Finished alert 1780287406.494621 \u2192 stage=dropped
2026-06-02 09:25:49,555 INFO agents.log_analysis_agent [LogAnalysis] Done — noise=False iocs=0 mitre=[]
2026-06-02 09:25:49,558 INFO agents.log_analysis_agent [LogAnalysis] Processing alert 1780287406.417077 (rule=19008 lvl=3)
2026-06-02 09:25:49,563 INFO __main__ [Pipeline] Starting alert 1780287405.376679 (HIGH)
2026-06-02 09:25:49,571 INFO agents.log_analysis_agent [LogAnalysis] Done — noise=False iocs=0 mitre=[]
2026-06-02 09:25:49,573 INFO __main__ [Pipeline] Finished alert 1780287406.490599 \u2192 stage=dropped
2026-06-02 09:25:49,575 INFO agents.log_analysis_agent [LogAnalysis] Done — noise=False iocs=0 mitre=[]
2026-06-02 09:25:49,575 INFO agents.log_analysis_agent [LogAnalysis] Processing alert 1780287405.413470 (rule=19008 lvl=3)
2026-06-02 09:25:49,576 INFO __main__ [Pipeline] Starting alert 1780287405.371525 (HIGH)
2026-06-02 09:25:49,581 INFO agents.log_analysis_agent [LogAnalysis] Done — noise=False iocs=0 mitre=[]
2026-06-02 09:25:49,581 INFO agents.supervisor [Supervisor] route_after_analysis: duplicate \u2192 drop
2026-06-02 09:25:49,582 INFO agents.log_analysis_agent [LogAnalysis] Done — noise=False iocs=0 mitre=[]
2026-06-02 09:25:49,582 INFO agents.supervisor [Supervisor] route_after_analysis: duplicate \u2192 drop
2026-06-02 09:25:49,583 INFO agents.log_analysis_agent [LogAnalysis] Done — noise=False iocs=0 mitre=[]
2026-06-02 09:25:49,589 INFO agents.supervisor [Supervisor] route_after_analysis: duplicate \u2192 drop
2026-06-02 09:25:49,589 INFO agents.log_analysis_agent [LogAnalysis] Processing alert 1780287405.409856 (rule=19008 lvl=3)
2026-06-02 09:25:49,589 INFO agents.supervisor [Supervisor] route_after_analysis: duplicate \u2192 drop
2026-06-02 09:25:49,590 INFO __main__ [Pipeline] Finished alert 1780287406.486733 \u2192 stage=dropped
2026-06-02 09:25:49,590 INFO agents.supervisor [Supervisor] route_after_analysis: duplicate \u2192 drop
2026-06-02 09:25:49,590 INFO __main__ [Pipeline] Finished alert 1780287406.482883 \u2192 stage=dropped
2026-06-02 09:25:49,593 INFO agents.log_analysis_agent [LogAnalysis] Done — noise=False iocs=0 mitre=[]
2026-06-02 09:25:49,595 INFO __main__ [Pipeline] Starting alert 1780287405.366397 (HIGH)
2026-06-02 09:25:49,597 INFO __main__ [Pipeline] Starting alert 1780287405.361671 (HIGH)
2026-06-02 09:25:49,600 INFO agents.log_analysis_agent [LogAnalysis] Processing alert 1780287405.406118 (rule=19008 lvl=3)
2026-06-02 09:25:49,604 INFO agents.log_analysis_agent [LogAnalysis] Done — noise=False iocs=0 mitre=[]
2026-06-02 09:25:49,606 INFO agents.log_analysis_agent [LogAnalysis] Processing alert 1780287405.401733 (rule=19007 lvl=7)
2026-06-02 09:25:49,609 INFO agents.log_analysis_agent [LogAnalysis] Processing alert 1780287405.398200 (rule=19009 lvl=3)
2026-06-02 09:25:49,617 INFO agents.supervisor [Supervisor] Dropping alert 1780287406.465978 — reason=duplicate
2026-06-02 09:25:49,619 INFO agents.log_analysis_agent [LogAnalysis] Processing alert 1780287405.393850 (rule=19007 lvl=7)
2026-06-02 09:25:49,622 INFO agents.log_analysis_agent [LogAnalysis] Processing alert 1780287405.386953 (rule=19007 lvl=7)
2026-06-02 09:25:49,626 INFO __main__ [Pipeline] Finished alert 1780287406.479055 \u2192 stage=dropped
2026-06-02 09:25:49,672 INFO agents.log_analysis_agent [LogAnalysis] Done — noise=False iocs=0 mitre=[]
2026-06-02 09:25:49,672 INFO agents.supervisor [Supervisor] route_after_analysis: duplicate \u2192 drop
2026-06-02 09:25:49,675 INFO __main__ [Pipeline] Starting alert 1780287405.355596 (HIGH)
2026-06-02 09:25:49,682 INFO __main__ [Pipeline] Finished alert 1780287406.475235 \u2192 stage=dropped
2026-06-02 09:25:49,685 INFO __main__ [Pipeline] Starting alert 1780287405.351466 (HIGH)
2026-06-02 09:25:49,689 INFO __main__ [Pipeline] Finished alert 1780287406.471641 \u2192 stage=dropped
2026-06-02 09:25:49,695 INFO agents.log_analysis_agent [LogAnalysis] Done — noise=False iocs=0 mitre=[]
2026-06-02 09:25:49,696 INFO agents.supervisor [Supervisor] route_after_analysis: duplicate \u2192 drop
2026-06-02 09:25:49,698 INFO __main__ [Pipeline] Starting alert 1780287405.346632 (HIGH)
2026-06-02 09:25:49,707 INFO agents.supervisor [Supervisor] Dropping alert 1780287406.462587 — reason=duplicate
2026-06-02 09:25:49,708 INFO agents.supervisor [Supervisor] Dropping alert 1780287406.459355 — reason=duplicate
2026-06-02 09:25:49,714 INFO agents.log_analysis_agent [LogAnalysis] Done — noise=False iocs=0 mitre=[]
2026-06-02 09:25:49,714 INFO agents.supervisor [Supervisor] route_after_analysis: duplicate \u2192 drop
2026-06-02 09:25:49,717 INFO __main__ [Pipeline] Finished alert 1780287406.469437 \u2192 stage=dropped
2026-06-02 09:25:49,722 INFO agents.log_analysis_agent [LogAnalysis] Done — noise=False iocs=0 mitre=[]
2026-06-02 09:25:49,722 INFO agents.supervisor [Supervisor] route_after_analysis: duplicate \u2192 drop
2026-06-02 09:25:49,723 INFO agents.log_analysis_agent [LogAnalysis] Done — noise=False iocs=0 mitre=[]
2026-06-02 09:25:49,728 INFO agents.log_analysis_agent [LogAnalysis] Done — noise=False iocs=0 mitre=[]
2026-06-02 09:25:49,736 INFO __main__ [Pipeline] Starting alert 1780287405.339823 (HIGH)
2026-06-02 09:25:49,742 INFO agents.supervisor [Supervisor] route_after_analysis: duplicate \u2192 drop
2026-06-02 09:25:49,742 INFO agents.supervisor [Supervisor] Dropping alert 1780287406.456158 — reason=duplicate
2026-06-02 09:25:49,745 INFO agents.log_analysis_agent [LogAnalysis] Processing alert 1780287405.381809 (rule=19007 lvl=7)
2026-06-02 09:25:49,749 INFO agents.supervisor [Supervisor] Dropping alert 1780287406.452196 — reason=duplicate
2026-06-02 09:25:49,754 INFO agents.supervisor [Supervisor] Dropping alert 1780287406.448782 — reason=duplicate
2026-06-02 09:25:49,758 INFO agents.supervisor [Supervisor] route_after_analysis: duplicate \u2192 drop
2026-06-02 09:25:49,759 INFO agents.supervisor [Supervisor] route_after_analysis: duplicate \u2192 drop
2026-06-02 09:25:49,759 INFO agents.supervisor [Supervisor] route_after_analysis: duplicate \u2192 drop
2026-06-02 09:25:49,764 INFO agents.log_analysis_agent [LogAnalysis] Processing alert 1780287405.376679 (rule=19007 lvl=7)
2026-06-02 09:25:49,783 INFO agents.supervisor [Supervisor] route_after_analysis: duplicate \u2192 drop
2026-06-02 09:25:49,783 INFO agents.log_analysis_agent [LogAnalysis] Processing alert 1780287405.371525 (rule=19007 lvl=7)
2026-06-02 09:25:49,789 INFO agents.supervisor [Supervisor] route_after_analysis: duplicate \u2192 drop
2026-06-02 09:25:49,789 INFO agents.log_analysis_agent [LogAnalysis] Done — noise=False iocs=0 mitre=[]
2026-06-02 09:25:49,792 INFO agents.supervisor [Supervisor] Dropping alert 1780287406.445639 — reason=duplicate
2026-06-02 09:25:49,803 INFO agents.log_analysis_agent [LogAnalysis] Done — noise=False iocs=0 mitre=[]
2026-06-02 09:25:49,828 INFO agents.log_analysis_agent [LogAnalysis] Processing alert 1780287405.366397 (rule=19007 lvl=7)
2026-06-02 09:25:49,829 INFO agents.log_analysis_agent [LogAnalysis] Processing alert 1780287405.361671 (rule=19007 lvl=7)
2026-06-02 09:25:49,829 INFO agents.supervisor [Supervisor] Dropping alert 1780287406.441465 — reason=duplicate
2026-06-02 09:25:49,835 INFO agents.supervisor [Supervisor] route_after_analysis: duplicate \u2192 drop
2026-06-02 09:25:49,835 INFO agents.supervisor [Supervisor] Dropping alert 1780287406.437792 — reason=duplicate
2026-06-02 09:25:49,838 INFO agents.supervisor [Supervisor] Dropping alert 1780287406.434181 — reason=duplicate
2026-06-02 09:25:49,870 INFO agents.log_analysis_agent [LogAnalysis] Done — noise=False iocs=0 mitre=[]
2026-06-02 09:25:49,875 INFO agents.supervisor [Supervisor] route_after_analysis: duplicate \u2192 drop
2026-06-02 09:25:49,877 INFO agents.supervisor [Supervisor] Dropping alert 1780287406.431519 — reason=duplicate
2026-06-02 09:25:49,884 INFO agents.supervisor [Supervisor] route_after_analysis: duplicate \u2192 drop
2026-06-02 09:25:49,889 INFO agents.supervisor [Supervisor] Dropping alert 1780287406.428727 — reason=duplicate
2026-06-02 09:25:49,894 INFO agents.supervisor [Supervisor] route_after_analysis: duplicate \u2192 drop
2026-06-02 09:25:49,895 INFO agents.supervisor [Supervisor] Dropping alert 1780287406.420744 — reason=duplicate
2026-06-02 09:25:49,899 INFO agents.supervisor [Supervisor] route_after_analysis: duplicate \u2192 drop
2026-06-02 09:25:49,935 INFO agents.supervisor [Supervisor] Dropping alert 1780287406.424284 — reason=duplicate
2026-06-02 09:25:49,935 INFO agents.supervisor [Supervisor] route_after_analysis: duplicate \u2192 drop
2026-06-02 09:25:49,936 INFO agents.log_analysis_agent [LogAnalysis] Processing alert 1780287405.355596 (rule=19007 lvl=7)
2026-06-02 09:25:49,944 INFO agents.log_analysis_agent [LogAnalysis] Done — noise=False iocs=0 mitre=[]
2026-06-02 09:25:49,950 INFO agents.log_analysis_agent [LogAnalysis] Done — noise=False iocs=0 mitre=[]
2026-06-02 09:25:49,957 INFO agents.log_analysis_agent [LogAnalysis] Processing alert 1780287405.351466 (rule=19007 lvl=7)
2026-06-02 09:25:49,962 INFO agents.supervisor [Supervisor] Dropping alert 1780287406.417077 — reason=duplicate
2026-06-02 09:25:49,966 INFO agents.log_analysis_agent [LogAnalysis] Processing alert 1780287405.346632 (rule=19007 lvl=7)
2026-06-02 09:25:49,972 INFO agents.supervisor [Supervisor] Dropping alert 1780287405.413470 — reason=duplicate
2026-06-02 09:25:49,977 INFO agents.log_analysis_agent [LogAnalysis] Processing alert 1780287405.339823 (rule=19007 lvl=7)
2026-06-02 09:25:49,983 INFO agents.log_analysis_agent [LogAnalysis] Done — noise=False iocs=0 mitre=[]
2026-06-02 09:25:49,986 INFO __main__ [Pipeline] Finished alert 1780287406.465978 \u2192 stage=dropped
2026-06-02 09:25:49,998 INFO agents.supervisor [Supervisor] route_after_analysis: duplicate \u2192 drop
2026-06-02 09:25:49,999 INFO agents.log_analysis_agent [LogAnalysis] Done — noise=False iocs=0 mitre=[]
2026-06-02 09:25:50,003 INFO agents.supervisor [Supervisor] Dropping alert 1780287405.409856 — reason=duplicate
2026-06-02 09:25:50,007 INFO __main__ [Pipeline] Starting alert 1780287405.334109 (HIGH)
2026-06-02 09:25:50,015 INFO agents.log_analysis_agent [LogAnalysis] Done — noise=False iocs=0 mitre=[]
2026-06-02 09:25:50,021 INFO agents.supervisor [Supervisor] Dropping alert 1780287405.406118 — reason=duplicate
2026-06-02 09:25:50,026 INFO agents.supervisor [Supervisor] route_after_analysis: duplicate \u2192 drop
2026-06-02 09:25:50,030 INFO agents.log_analysis_agent [LogAnalysis] Done — noise=False iocs=0 mitre=[]
2026-06-02 09:25:50,201 INFO agents.supervisor [Supervisor] Dropping alert 1780287405.401733 — reason=duplicate
2026-06-02 09:25:50,214 INFO agents.supervisor [Supervisor] route_after_analysis: duplicate \u2192 drop
2026-06-02 09:25:50,214 INFO agents.supervisor [Supervisor] Dropping alert 1780287405.398200 — reason=duplicate
2026-06-02 09:25:50,436 INFO agents.supervisor [Supervisor] Dropping alert 1780287405.393850 — reason=duplicate
2026-06-02 09:25:50,445 INFO agents.supervisor [Supervisor] Dropping alert 1780287405.386953 — reason=duplicate
2026-06-02 09:25:50,449 INFO __main__ [Pipeline] Finished alert 1780287406.462587 \u2192 stage=dropped
2026-06-02 09:25:50,601 INFO __main__ [Pipeline] Finished alert 1780287406.459355 \u2192 stage=dropped
2026-06-02 09:25:50,614 INFO __main__ [Pipeline] Starting alert 1780287405.325408 (HIGH)
2026-06-02 09:25:50,632 INFO __main__ [Pipeline] Starting alert 1780287405.319449 (HIGH)
2026-06-02 09:25:50,646 INFO __main__ [Pipeline] Finished alert 1780287406.456158 \u2192 stage=dropped
2026-06-02 09:25:50,648 INFO __main__ [Pipeline] Starting alert 1780287405.314311 (HIGH)
2026-06-02 09:25:50,653 INFO __main__ [Pipeline] Finished alert 1780287406.452196 \u2192 stage=dropped
2026-06-02 09:25:50,655 INFO __main__ [Pipeline] Finished alert 1780287406.448782 \u2192 stage=dropped
2026-06-02 09:25:50,658 INFO agents.supervisor [Supervisor] route_after_analysis: duplicate \u2192 drop
2026-06-02 09:25:50,659 INFO __main__ [Pipeline] Starting alert 1780287405.309721 (HIGH)
2026-06-02 09:25:50,660 INFO agents.supervisor [Supervisor] route_after_analysis: duplicate \u2192 drop
2026-06-02 09:25:50,670 INFO __main__ [Pipeline] Starting alert 1780287405.305634 (LOW)
2026-06-02 09:25:50,680 INFO agents.supervisor [Supervisor] Dropping alert 1780287405.381809 — reason=duplicate
2026-06-02 09:25:50,682 INFO __main__ [Pipeline] Finished alert 1780287406.445639 \u2192 stage=dropped
2026-06-02 09:25:50,688 INFO __main__ [Pipeline] Starting alert 1780287405.303138 (LOW)
2026-06-02 09:25:50,688 INFO agents.supervisor [Supervisor] route_after_analysis: duplicate \u2192 drop
2026-06-02 09:25:50,690 INFO agents.supervisor [Supervisor] Dropping alert 1780287405.376679 — reason=duplicate
2026-06-02 09:25:50,698 INFO agents.supervisor [Supervisor] Dropping alert 1780287405.371525 — reason=duplicate
2026-06-02 09:25:50,700 INFO __main__ [Pipeline] Finished alert 1780287406.441465 \u2192 stage=dropped
2026-06-02 09:25:50,700 INFO agents.supervisor [Supervisor] route_after_analysis: duplicate \u2192 drop
2026-06-02 09:25:50,703 INFO __main__ [Pipeline] Finished alert 1780287406.437792 \u2192 stage=dropped
2026-06-02 09:25:50,708 INFO agents.supervisor [Supervisor] route_after_analysis: duplicate \u2192 drop
2026-06-02 09:25:50,714 INFO __main__ [Pipeline] Starting alert 1780287405.300574 (LOW)
2026-06-02 09:25:50,718 INFO __main__ [Pipeline] Starting alert 1780287405.297893 (LOW)
2026-06-02 09:25:50,722 INFO agents.supervisor [Supervisor] route_after_analysis: duplicate \u2192 drop
2026-06-02 09:25:50,723 INFO __main__ [Pipeline] Finished alert 1780287406.434181 \u2192 stage=dropped
2026-06-02 09:25:50,727 INFO agents.log_analysis_agent [LogAnalysis] Processing alert 1780287405.334109 (rule=19007 lvl=7)
2026-06-02 09:25:50,733 INFO __main__ [Pipeline] Starting alert 1780287405.294863 (LOW)
2026-06-02 09:25:50,737 INFO __main__ [Pipeline] Finished alert 1780287406.431519 \u2192 stage=dropped
2026-06-02 09:25:50,740 INFO agents.supervisor [Supervisor] Dropping alert 1780287405.366397 — reason=duplicate
2026-06-02 09:25:50,744 INFO agents.supervisor [Supervisor] Dropping alert 1780287405.361671 — reason=duplicate
2026-06-02 09:25:50,745 INFO __main__ [Pipeline] Starting alert 1780287405.291991 (LOW)
2026-06-02 09:25:50,750 INFO __main__ [Pipeline] Finished alert 1780287406.420744 \u2192 stage=dropped
2026-06-02 09:25:50,777 INFO __main__ [Pipeline] Finished alert 1780287406.428727 \u2192 stage=dropped
2026-06-02 09:25:50,783 INFO __main__ [Pipeline] Starting alert 1780287405.289238 (HIGH)
2026-06-02 09:25:50,787 INFO __main__ [Pipeline] Starting alert 1780287405.285831 (HIGH)
2026-06-02 09:25:50,792 INFO __main__ [Pipeline] Finished alert 1780287406.424284 \u2192 stage=dropped
2026-06-02 09:25:50,796 INFO __main__ [Pipeline] Starting alert 1780287405.282588 (HIGH)
2026-06-02 09:25:50,798 INFO __main__ [Pipeline] Finished alert 1780287406.417077 \u2192 stage=dropped
2026-06-02 09:25:50,802 INFO __main__ [Pipeline] Starting alert 1780287405.280062 (HIGH)
2026-06-02 09:25:50,805 INFO agents.log_analysis_agent [LogAnalysis] Processing alert 1780287405.325408 (rule=19007 lvl=7)
2026-06-02 09:25:50,809 INFO agents.log_analysis_agent [LogAnalysis] Processing alert 1780287405.319449 (rule=19007 lvl=7)
2026-06-02 09:25:50,817 INFO agents.log_analysis_agent [LogAnalysis] Done — noise=False iocs=0 mitre=[]
2026-06-02 09:25:50,819 INFO agents.supervisor [Supervisor] Dropping alert 1780287405.355596 — reason=duplicate
2026-06-02 09:25:50,823 INFO __main__ [Pipeline] Finished alert 1780287405.413470 \u2192 stage=dropped
2026-06-02 09:25:50,828 INFO agents.log_analysis_agent [LogAnalysis] Processing alert 1780287405.314311 (rule=19007 lvl=7)
2026-06-02 09:25:50,834 INFO __main__ [Pipeline] Starting alert 1780287405.277117 (HIGH)
2026-06-02 09:25:50,839 INFO agents.log_analysis_agent [LogAnalysis] Processing alert 1780287405.309721 (rule=19007 lvl=7)
2026-06-02 09:25:50,841 INFO agents.log_analysis_agent [LogAnalysis] Processing alert 1780287405.305634 (rule=19009 lvl=3)
2026-06-02 09:25:50,842 INFO agents.supervisor [Supervisor] Dropping alert 1780287405.351466 — reason=duplicate
2026-06-02 09:25:50,846 INFO __main__ [Pipeline] Finished alert 1780287405.409856 \u2192 stage=dropped
2026-06-02 09:25:50,848 INFO agents.supervisor [Supervisor] Dropping alert 1780287405.346632 — reason=duplicate
2026-06-02 09:25:50,853 INFO __main__ [Pipeline] Starting alert 1780287405.274076 (LOW)
2026-06-02 09:25:50,859 INFO agents.supervisor [Supervisor] Dropping alert 1780287405.339823 — reason=duplicate
2026-06-02 09:25:50,860 INFO __main__ [Pipeline] Finished alert 1780287405.406118 \u2192 stage=dropped
2026-06-02 09:25:50,861 INFO agents.log_analysis_agent [LogAnalysis] Done — noise=False iocs=0 mitre=[]
2026-06-02 09:25:50,865 INFO agents.log_analysis_agent [LogAnalysis] Done — noise=False iocs=0 mitre=[]
2026-06-02 09:25:50,867 INFO __main__ [Pipeline] Starting alert 1780287405.271472 (LOW)
2026-06-02 09:25:50,871 INFO __main__ [Pipeline] Finished alert 1780287405.401733 \u2192 stage=dropped
2026-06-02 09:25:50,871 INFO __main__ [Pipeline] Finished alert 1780287405.398200 \u2192 stage=dropped
2026-06-02 09:25:50,872 INFO agents.log_analysis_agent [LogAnalysis] Done — noise=False iocs=0 mitre=[]
2026-06-02 09:25:50,873 INFO agents.log_analysis_agent [LogAnalysis] Processing alert 1780287405.303138 (rule=19009 lvl=3)
2026-06-02 09:25:50,874 INFO __main__ [Pipeline] Starting alert 1780287405.268792 (LOW)
2026-06-02 09:25:50,877 INFO __main__ [Pipeline] Starting alert 1780287405.266014 (LOW)
2026-06-02 09:25:50,879 INFO __main__ [Pipeline] Finished alert 1780287405.386953 \u2192 stage=dropped
2026-06-02 09:25:50,879 INFO __main__ [Pipeline] Finished alert 1780287405.393850 \u2192 stage=dropped
2026-06-02 09:25:50,881 INFO agents.log_analysis_agent [LogAnalysis] Done — noise=False iocs=0 mitre=[]
2026-06-02 09:25:50,882 INFO agents.log_analysis_agent [LogAnalysis] Done — noise=False iocs=0 mitre=[]
2026-06-02 09:25:50,883 INFO __main__ [Pipeline] Starting alert 1780287405.262813 (LOW)
2026-06-02 09:25:50,884 INFO __main__ [Pipeline] Starting alert 1780287405.258085 (LOW)
2026-06-02 09:25:50,889 INFO agents.log_analysis_agent [LogAnalysis] Processing alert 1780287405.300574 (rule=19009 lvl=3)
2026-06-02 09:25:50,924 INFO agents.log_analysis_agent [LogAnalysis] Processing alert 1780287405.297893 (rule=19009 lvl=3)
2026-06-02 09:25:50,928 INFO agents.log_analysis_agent [LogAnalysis] Processing alert 1780287405.294863 (rule=19009 lvl=3)
2026-06-02 09:25:50,935 INFO agents.log_analysis_agent [LogAnalysis] Done — noise=False iocs=0 mitre=[]
2026-06-02 09:25:50,937 INFO agents.log_analysis_agent [LogAnalysis] Processing alert 1780287405.291991 (rule=19009 lvl=3)
2026-06-02 09:25:50,942 INFO agents.log_analysis_agent [LogAnalysis] Processing alert 1780287405.289238 (rule=19007 lvl=7)
2026-06-02 09:25:50,943 INFO agents.supervisor [Supervisor] route_after_analysis: duplicate \u2192 drop
2026-06-02 09:25:50,944 INFO agents.log_analysis_agent [LogAnalysis] Processing alert 1780287405.285831 (rule=19007 lvl=7)
2026-06-02 09:25:50,946 INFO __main__ [Pipeline] Finished alert 1780287405.381809 \u2192 stage=dropped
2026-06-02 09:25:50,950 INFO agents.log_analysis_agent [LogAnalysis] Processing alert 1780287405.282588 (rule=19007 lvl=7)
2026-06-02 09:25:50,954 INFO __main__ [Pipeline] Starting alert 1780287405.254901 (LOW)
2026-06-02 09:25:50,960 INFO agents.log_analysis_agent [LogAnalysis] Done — noise=False iocs=0 mitre=[]
2026-06-02 09:25:50,962 INFO agents.log_analysis_agent [LogAnalysis] Done — noise=False iocs=0 mitre=[]
2026-06-02 09:25:50,967 INFO agents.log_analysis_agent [LogAnalysis] Processing alert 1780287405.280062 (rule=19007 lvl=7)
2026-06-02 09:25:50,970 INFO __main__ [Pipeline] Finished alert 1780287405.371525 \u2192 stage=dropped
2026-06-02 09:25:50,971 INFO __main__ [Pipeline] Finished alert 1780287405.376679 \u2192 stage=dropped
2026-06-02 09:25:50,972 INFO agents.log_analysis_agent [LogAnalysis] Done — noise=False iocs=0 mitre=[]
2026-06-02 09:25:50,977 INFO __main__ [Pipeline] Starting alert 1780287405.250557 (LOW)
2026-06-02 09:25:50,988 INFO __main__ [Pipeline] Starting alert 1780287405.248471 (LOW)
2026-06-02 09:25:50,998 INFO agents.log_analysis_agent [LogAnalysis] Done — noise=False iocs=0 mitre=[]
2026-06-02 09:25:50,999 INFO agents.supervisor [Supervisor] route_after_analysis: duplicate \u2192 drop
2026-06-02 09:25:50,999 INFO agents.log_analysis_agent [LogAnalysis] Processing alert 1780287405.277117 (rule=19007 lvl=7)
2026-06-02 09:25:50,999 INFO agents.supervisor [Supervisor] route_after_analysis: duplicate \u2192 drop
2026-06-02 09:25:51,001 INFO agents.log_analysis_agent [LogAnalysis] Done — noise=False iocs=0 mitre=[]
2026-06-02 09:25:51,002 INFO agents.log_analysis_agent [LogAnalysis] Done — noise=False iocs=0 mitre=[]
2026-06-02 09:25:51,005 INFO agents.log_analysis_agent [LogAnalysis] Done — noise=False iocs=0 mitre=[]
2026-06-02 09:25:51,005 INFO agents.supervisor [Supervisor] route_after_analysis: duplicate \u2192 drop
2026-06-02 09:25:51,008 INFO agents.log_analysis_agent [LogAnalysis] Processing alert 1780287405.274076 (rule=19008 lvl=3)
2026-06-02 09:25:51,009 INFO __main__ [Pipeline] Finished alert 1780287405.366397 \u2192 stage=dropped
2026-06-02 09:25:51,013 INFO __main__ [Pipeline] Finished alert 1780287405.361671 \u2192 stage=dropped
2026-06-02 09:25:51,015 INFO agents.log_analysis_agent [LogAnalysis] Done — noise=False iocs=0 mitre=[]
2026-06-02 09:25:51,015 INFO agents.supervisor [Supervisor] route_after_analysis: duplicate \u2192 drop
2026-06-02 09:25:51,020 INFO __main__ [Pipeline] Starting alert 1780287405.245668 (LOW)
2026-06-02 09:25:51,022 INFO agents.supervisor [Supervisor] route_after_analysis: duplicate \u2192 drop
2026-06-02 09:25:51,024 INFO __main__ [Pipeline] Starting alert 1780287405.241184 (LOW)
2026-06-02 09:25:51,029 INFO agents.log_analysis_agent [LogAnalysis] Processing alert 1780287405.271472 (rule=19008 lvl=3)
2026-06-02 09:25:51,045 INFO agents.log_analysis_agent [LogAnalysis] Done — noise=False iocs=0 mitre=[]
2026-06-02 09:25:51,049 INFO agents.supervisor [Supervisor] Dropping alert 1780287405.334109 — reason=duplicate
2026-06-02 09:25:51,053 INFO agents.log_analysis_agent [LogAnalysis] Processing alert 1780287405.268792 (rule=19008 lvl=3)
2026-06-02 09:25:51,058 INFO agents.log_analysis_agent [LogAnalysis] Processing alert 1780287405.266014 (rule=19008 lvl=3)
2026-06-02 09:25:51,071 INFO agents.log_analysis_agent [LogAnalysis] Processing alert 1780287405.262813 (rule=19008 lvl=3)
2026-06-02 09:25:51,089 INFO agents.log_analysis_agent [LogAnalysis] Processing alert 1780287405.258085 (rule=19008 lvl=3)
2026-06-02 09:25:51,094 INFO __main__ [Pipeline] Finished alert 1780287405.355596 \u2192 stage=dropped
2026-06-02 09:25:51,100 INFO agents.log_analysis_agent [LogAnalysis] Done — noise=False iocs=0 mitre=[]
2026-06-02 09:25:51,100 INFO agents.supervisor [Supervisor] route_after_analysis: duplicate \u2192 drop
2026-06-02 09:25:51,104 INFO __main__ [Pipeline] Starting alert 1780287405.238604 (LOW)
2026-06-02 09:25:51,130 INFO __main__ [Pipeline] Finished alert 1780287405.351466 \u2192 stage=dropped
2026-06-02 09:25:51,133 INFO __main__ [Pipeline] Finished alert 1780287405.346632 \u2192 stage=dropped
2026-06-02 09:25:51,135 INFO agents.log_analysis_agent [LogAnalysis] Done — noise=False iocs=0 mitre=[]
2026-06-02 09:25:51,142 INFO __main__ [Pipeline] Starting alert 1780287405.235636 (LOW)
2026-06-02 09:25:51,145 INFO __main__ [Pipeline] Starting alert 1780287405.232765 (LOW)
2026-06-02 09:25:51,149 INFO __main__ [Pipeline] Finished alert 1780287405.339823 \u2192 stage=dropped
2026-06-02 09:25:51,155 INFO agents.supervisor [Supervisor] route_after_analysis: duplicate \u2192 drop
2026-06-02 09:25:51,155 INFO agents.supervisor [Supervisor] Dropping alert 1780287405.325408 — reason=duplicate
2026-06-02 09:25:51,158 INFO agents.supervisor [Supervisor] route_after_analysis: duplicate \u2192 drop
2026-06-02 09:25:51,158 INFO __main__ [Pipeline] Starting alert 1780287405.230124 (LOW)
2026-06-02 09:25:51,163 INFO agents.supervisor [Supervisor] Dropping alert 1780287405.319449 — reason=duplicate
2026-06-02 09:25:51,167 INFO agents.log_analysis_agent [LogAnalysis] Done — noise=False iocs=0 mitre=[]
2026-06-02 09:25:51,190 INFO agents.log_analysis_agent [LogAnalysis] Done — noise=False iocs=0 mitre=[]
2026-06-02 09:25:51,202 INFO agents.log_analysis_agent [LogAnalysis] Done — noise=False iocs=0 mitre=[]
2026-06-02 09:25:51,204 INFO agents.supervisor [Supervisor] route_after_analysis: duplicate \u2192 drop
2026-06-02 09:25:51,209 INFO agents.log_analysis_agent [LogAnalysis] Done — noise=False iocs=0 mitre=[]
2026-06-02 09:25:51,231 INFO agents.supervisor [Supervisor] Dropping alert 1780287405.314311 — reason=duplicate
2026-06-02 09:25:51,240 INFO agents.supervisor [Supervisor] route_after_analysis: duplicate \u2192 drop
2026-06-02 09:25:51,240 INFO agents.log_analysis_agent [LogAnalysis] Processing alert 1780287405.254901 (rule=19008 lvl=3)
2026-06-02 09:25:51,256 INFO agents.supervisor [Supervisor] Dropping alert 1780287405.309721 — reason=duplicate
2026-06-02 09:25:51,262 INFO agents.supervisor [Supervisor] Dropping alert 1780287405.305634 — reason=duplicate
2026-06-02 09:25:51,266 INFO agents.supervisor [Supervisor] route_after_analysis: duplicate \u2192 drop
2026-06-02 09:25:51,266 INFO agents.supervisor [Supervisor] route_after_analysis: duplicate \u2192 drop
2026-06-02 09:25:51,267 INFO agents.supervisor [Supervisor] route_after_analysis: duplicate \u2192 drop
2026-06-02 09:25:51,269 INFO agents.log_analysis_agent [LogAnalysis] Processing alert 1780287405.250557 (rule=19009 lvl=3)
2026-06-02 09:25:51,293 INFO agents.supervisor [Supervisor] route_after_analysis: duplicate \u2192 drop
2026-06-02 09:25:51,297 INFO agents.log_analysis_agent [LogAnalysis] Processing alert 1780287405.248471 (rule=19008 lvl=3)
2026-06-02 09:25:51,304 INFO agents.supervisor [Supervisor] Dropping alert 1780287405.303138 — reason=duplicate
2026-06-02 09:25:51,313 INFO agents.log_analysis_agent [LogAnalysis] Done — noise=False iocs=0 mitre=[]
2026-06-02 09:25:51,332 INFO agents.supervisor [Supervisor] route_after_analysis: duplicate \u2192 drop
2026-06-02 09:25:51,334 INFO agents.log_analysis_agent [LogAnalysis] Processing alert 1780287405.245668 (rule=19008 lvl=3)
2026-06-02 09:25:51,336 INFO agents.log_analysis_agent [LogAnalysis] Processing alert 1780287405.241184 (rule=19008 lvl=3)
2026-06-02 09:25:51,340 INFO agents.supervisor [Supervisor] Dropping alert 1780287405.300574 — reason=duplicate
2026-06-02 09:25:51,342 INFO agents.supervisor [Supervisor] Dropping alert 1780287405.297893 — reason=duplicate
2026-06-02 09:25:51,342 INFO agents.supervisor [Supervisor] route_after_analysis: duplicate \u2192 drop
2026-06-02 09:25:51,346 INFO agents.log_analysis_agent [LogAnalysis] Done — noise=False iocs=0 mitre=[]
2026-06-02 09:25:51,348 INFO agents.log_analysis_agent [LogAnalysis] Done — noise=False iocs=0 mitre=[]
2026-06-02 09:25:51,352 INFO agents.supervisor [Supervisor] Dropping alert 1780287405.294863 — reason=duplicate
2026-06-02 09:25:51,361 INFO agents.supervisor [Supervisor] route_after_analysis: duplicate \u2192 drop
2026-06-02 09:25:51,361 INFO agents.supervisor [Supervisor] Dropping alert 1780287405.291991 — reason=duplicate
2026-06-02 09:25:51,364 INFO agents.supervisor [Supervisor] route_after_analysis: duplicate \u2192 drop
2026-06-02 09:25:51,364 INFO agents.log_analysis_agent [LogAnalysis] Processing alert 1780287405.238604 (rule=19008 lvl=3)
2026-06-02 09:25:51,382 INFO agents.supervisor [Supervisor] route_after_analysis: duplicate \u2192 drop
2026-06-02 09:25:51,383 INFO agents.supervisor [Supervisor] route_after_analysis: duplicate \u2192 drop
2026-06-02 09:25:51,384 INFO agents.log_analysis_agent [LogAnalysis] Done — noise=False iocs=0 mitre=[]
2026-06-02 09:25:51,388 INFO agents.supervisor [Supervisor] route_after_analysis: duplicate \u2192 drop
2026-06-02 09:25:51,388 INFO agents.log_analysis_agent [LogAnalysis] Done — noise=False iocs=0 mitre=[]
2026-06-02 09:25:51,393 INFO agents.supervisor [Supervisor] Dropping alert 1780287405.289238 — reason=duplicate
2026-06-02 09:25:51,394 INFO agents.supervisor [Supervisor] Dropping alert 1780287405.285831 — reason=duplicate
2026-06-02 09:25:51,418 INFO agents.supervisor [Supervisor] Dropping alert 1780287405.282588 — reason=duplicate
2026-06-02 09:25:51,420 INFO agents.supervisor [Supervisor] Dropping alert 1780287405.280062 — reason=duplicate
2026-06-02 09:25:51,424 INFO agents.log_analysis_agent [LogAnalysis] Processing alert 1780287405.235636 (rule=19008 lvl=3)
2026-06-02 09:25:51,428 INFO agents.log_analysis_agent [LogAnalysis] Processing alert 1780287405.232765 (rule=19008 lvl=3)
2026-06-02 09:25:51,433 INFO agents.log_analysis_agent [LogAnalysis] Processing alert 1780287405.230124 (rule=19008 lvl=3)
2026-06-02 09:25:51,438 INFO __main__ [Pipeline] Finished alert 1780287405.334109 \u2192 stage=dropped
2026-06-02 09:25:51,440 INFO agents.log_analysis_agent [LogAnalysis] Done — noise=False iocs=0 mitre=[]
2026-06-02 09:25:51,443 INFO agents.supervisor [Supervisor] Dropping alert 1780287405.277117 — reason=duplicate
2026-06-02 09:25:51,447 INFO __main__ [Pipeline] Starting alert 1780287405.227162 (LOW)
2026-06-02 09:25:51,454 INFO agents.log_analysis_agent [LogAnalysis] Done — noise=False iocs=0 mitre=[]
2026-06-02 09:25:51,457 INFO agents.supervisor [Supervisor] Dropping alert 1780287405.274076 — reason=duplicate
2026-06-02 09:25:51,462 INFO agents.log_analysis_agent [LogAnalysis] Done — noise=False iocs=0 mitre=[]
2026-06-02 09:25:51,462 INFO agents.supervisor [Supervisor] route_after_analysis: duplicate \u2192 drop
2026-06-02 09:25:51,466 INFO agents.log_analysis_agent [LogAnalysis] Done — noise=False iocs=0 mitre=[]
2026-06-02 09:25:51,475 INFO agents.supervisor [Supervisor] Dropping alert 1780287405.271472 — reason=duplicate
2026-06-02 09:25:51,481 INFO agents.supervisor [Supervisor] Dropping alert 1780287405.266014 — reason=duplicate
2026-06-02 09:25:51,481 INFO agents.supervisor [Supervisor] route_after_analysis: duplicate \u2192 drop
2026-06-02 09:25:51,485 INFO __main__ [Pipeline] Finished alert 1780287405.325408 \u2192 stage=dropped
2026-06-02 09:25:51,488 INFO agents.supervisor [Supervisor] route_after_analysis: duplicate \u2192 drop
2026-06-02 09:25:51,492 INFO agents.supervisor [Supervisor] Dropping alert 1780287405.268792 — reason=duplicate
2026-06-02 09:25:51,500 INFO agents.supervisor [Supervisor] Dropping alert 1780287405.262813 — reason=duplicate
2026-06-02 09:25:51,501 INFO agents.supervisor [Supervisor] Dropping alert 1780287405.258085 — reason=duplicate
2026-06-02 09:25:51,510 INFO __main__ [Pipeline] Starting alert 1780287405.224448 (HIGH)
2026-06-02 09:25:51,580 INFO __main__ [Pipeline] Finished alert 1780287405.319449 \u2192 stage=dropped
2026-06-02 09:25:51,586 INFO __main__ [Pipeline] Starting alert 1780287405.221901 (LOW)
2026-06-02 09:25:51,591 INFO __main__ [Pipeline] Finished alert 1780287405.314311 \u2192 stage=dropped
2026-06-02 09:25:51,604 INFO agents.supervisor [Supervisor] route_after_analysis: duplicate \u2192 drop
2026-06-02 09:25:51,604 INFO agents.supervisor [Supervisor] route_after_analysis: duplicate \u2192 drop
2026-06-02 09:25:51,606 INFO __main__ [Pipeline] Starting alert 1780287405.219369 (LOW)
2026-06-02 09:25:51,616 INFO __main__ [Pipeline] Finished alert 1780287405.309721 \u2192 stage=dropped
2026-06-02 09:25:51,617 INFO __main__ [Pipeline] Finished alert 1780287405.305634 \u2192 stage=dropped
2026-06-02 09:25:51,621 INFO __main__ [Pipeline] Starting alert 1780287405.216409 (LOW)
2026-06-02 09:25:51,625 INFO __main__ [Pipeline] Starting alert 1780287405.213128 (LOW)
2026-06-02 09:25:51,630 INFO __main__ [Pipeline] Finished alert 1780287405.303138 \u2192 stage=dropped
2026-06-02 09:25:51,633 INFO agents.supervisor [Supervisor] Dropping alert 1780287405.254901 — reason=duplicate
2026-06-02 09:25:51,635 INFO __main__ [Pipeline] Starting alert 1780287405.210197 (LOW)
2026-06-02 09:25:51,635 INFO agents.supervisor [Supervisor] route_after_analysis: duplicate \u2192 drop
2026-06-02 09:25:51,646 INFO agents.supervisor [Supervisor] Dropping alert 1780287405.250557 — reason=duplicate
2026-06-02 09:25:51,646 INFO agents.supervisor [Supervisor] route_after_analysis: duplicate \u2192 drop
2026-06-02 09:25:51,648 INFO agents.supervisor [Supervisor] Dropping alert 1780287405.248471 — reason=duplicate
2026-06-02 09:25:51,657 INFO agents.supervisor [Supervisor] route_after_analysis: duplicate \u2192 drop
2026-06-02 09:25:51,657 INFO __main__ [Pipeline] Finished alert 1780287405.300574 \u2192 stage=dropped
2026-06-02 09:25:51,661 INFO __main__ [Pipeline] Finished alert 1780287405.297893 \u2192 stage=dropped
2026-06-02 09:25:51,666 INFO agents.supervisor [Supervisor] route_after_analysis: duplicate \u2192 drop
2026-06-02 09:25:51,667 INFO __main__ [Pipeline] Starting alert 1780287405.206939 (LOW)
2026-06-02 09:25:51,675 INFO __main__ [Pipeline] Starting alert 1780287405.204011 (HIGH)
2026-06-02 09:25:51,679 INFO agents.log_analysis_agent [LogAnalysis] Processing alert 1780287405.227162 (rule=19008 lvl=3)
2026-06-02 09:25:51,690 INFO __main__ [Pipeline] Finished alert 1780287405.294863 \u2192 stage=dropped
2026-06-02 09:25:51,737 INFO agents.supervisor [Supervisor] Dropping alert 1780287405.245668 — reason=duplicate
2026-06-02 09:25:51,739 INFO agents.supervisor [Supervisor] Dropping alert 1780287405.241184 — reason=duplicate
2026-06-02 09:25:51,743 INFO __main__ [Pipeline] Starting alert 1780287405.200154 (LOW)
2026-06-02 09:25:51,758 INFO __main__ [Pipeline] Finished alert 1780287405.291991 \u2192 stage=dropped
2026-06-02 09:25:51,761 INFO __main__ [Pipeline] Starting alert 1780287405.197217 (LOW)
2026-06-02 09:25:51,765 INFO __main__ [Pipeline] Finished alert 1780287405.285831 \u2192 stage=dropped
2026-06-02 09:25:51,768 INFO __main__ [Pipeline] Finished alert 1780287405.289238 \u2192 stage=dropped
2026-06-02 09:25:51,769 INFO __main__ [Pipeline] Starting alert 1780287405.194776 (LOW)
2026-06-02 09:25:51,773 INFO __main__ [Pipeline] Starting alert 1780287405.191766 (LOW)
2026-06-02 09:25:51,781 INFO agents.log_analysis_agent [LogAnalysis] Done — noise=False iocs=0 mitre=[]
2026-06-02 09:25:51,785 INFO agents.log_analysis_agent [LogAnalysis] Processing alert 1780287405.224448 (rule=19007 lvl=7)
2026-06-02 09:25:51,787 INFO __main__ [Pipeline] Finished alert 1780287405.282588 \u2192 stage=dropped
2026-06-02 09:25:51,789 INFO __main__ [Pipeline] Finished alert 1780287405.280062 \u2192 stage=dropped
2026-06-02 09:25:51,791 INFO agents.log_analysis_agent [LogAnalysis] Processing alert 1780287405.221901 (rule=19008 lvl=3)
2026-06-02 09:25:51,817 INFO __main__ [Pipeline] Starting alert 1780287405.188876 (LOW)
2026-06-02 09:25:51,823 INFO __main__ [Pipeline] Starting alert 1780287405.185926 (LOW)
2026-06-02 09:25:51,839 INFO agents.supervisor [Supervisor] Dropping alert 1780287405.238604 — reason=duplicate
2026-06-02 09:25:51,843 INFO agents.log_analysis_agent [LogAnalysis] Processing alert 1780287405.219369 (rule=19008 lvl=3)
2026-06-02 09:25:51,846 INFO agents.supervisor [Supervisor] Dropping alert 1780287405.235636 — reason=duplicate
2026-06-02 09:25:51,965 INFO agents.supervisor [Supervisor] Dropping alert 1780287405.232765 — reason=duplicate
2026-06-02 09:25:51,971 INFO __main__ [Pipeline] Finished alert 1780287405.277117 \u2192 stage=dropped
2026-06-02 09:25:51,982 INFO agents.supervisor [Supervisor] Dropping alert 1780287405.230124 — reason=duplicate
2026-06-02 09:25:51,986 INFO __main__ [Pipeline] Starting alert 1780287405.181979 (HIGH)
2026-06-02 09:25:51,994 INFO __main__ [Pipeline] Finished alert 1780287405.274076 \u2192 stage=dropped
2026-06-02 09:25:52,011 INFO __main__ [Pipeline] Starting alert 1780287405.178073 (HIGH)
2026-06-02 09:25:52,091 INFO agents.log_analysis_agent [LogAnalysis] Done — noise=False iocs=0 mitre=[]
2026-06-02 09:25:52,098 INFO agents.log_analysis_agent [LogAnalysis] Processing alert 1780287405.216409 (rule=19008 lvl=3)
2026-06-02 09:25:52,106 INFO agents.log_analysis_agent [LogAnalysis] Processing alert 1780287405.213128 (rule=19008 lvl=3)
2026-06-02 09:25:52,124 INFO agents.log_analysis_agent [LogAnalysis] Done — noise=False iocs=0 mitre=[]
2026-06-02 09:25:52,241 INFO __main__ [Pipeline] Finished alert 1780287405.271472 \u2192 stage=dropped
2026-06-02 09:25:52,247 INFO __main__ [Pipeline] Finished alert 1780287405.266014 \u2192 stage=dropped
2026-06-02 09:25:52,248 INFO __main__ [Pipeline] Finished alert 1780287405.268792 \u2192 stage=dropped
2026-06-02 09:25:52,254 INFO agents.log_analysis_agent [LogAnalysis] Done — noise=False iocs=0 mitre=[]
2026-06-02 09:25:52,257 INFO agents.log_analysis_agent [LogAnalysis] Processing alert 1780287405.210197 (rule=19008 lvl=3)
2026-06-02 09:25:52,258 INFO __main__ [Pipeline] Starting alert 1780287405.174126 (LOW)
2026-06-02 09:25:52,329 INFO __main__ [Pipeline] Starting alert 1780287405.171487 (LOW)
2026-06-02 09:25:52,339 INFO __main__ [Pipeline] Starting alert 1780287405.168774 (LOW)
2026-06-02 09:25:52,344 INFO __main__ [Pipeline] Finished alert 1780287405.262813 \u2192 stage=dropped
2026-06-02 09:25:52,350 INFO __main__ [Pipeline] Starting alert 1780287405.165336 (LOW)
2026-06-02 09:25:52,368 INFO __main__ [Pipeline] Finished alert 1780287405.258085 \u2192 stage=dropped
2026-06-02 09:25:52,398 INFO agents.log_analysis_agent [LogAnalysis] Done — noise=False iocs=0 mitre=[]
2026-06-02 09:25:52,407 INFO agents.log_analysis_agent [LogAnalysis] Processing alert 1780287405.206939 (rule=19009 lvl=3)
2026-06-02 09:25:52,419 INFO agents.log_analysis_agent [LogAnalysis] Processing alert 1780287405.204011 (rule=19007 lvl=7)
2026-06-02 09:25:52,428 INFO __main__ [Pipeline] Starting alert 1780287405.159739 (LOW)
2026-06-02 09:25:52,435 INFO agents.log_analysis_agent [LogAnalysis] Done — noise=False iocs=0 mitre=[]
2026-06-02 09:25:52,442 INFO agents.log_analysis_agent [LogAnalysis] Done — noise=False iocs=0 mitre=[]
2026-06-02 09:25:52,447 INFO agents.log_analysis_agent [LogAnalysis] Processing alert 1780287405.200154 (rule=19008 lvl=3)
2026-06-02 09:25:52,448 INFO agents.supervisor [Supervisor] route_after_analysis: duplicate \u2192 drop
2026-06-02 09:25:52,450 INFO agents.log_analysis_agent [LogAnalysis] Processing alert 1780287405.197217 (rule=19009 lvl=3)
2026-06-02 09:25:52,459 INFO agents.log_analysis_agent [LogAnalysis] Processing alert 1780287405.194776 (rule=19008 lvl=3)
2026-06-02 09:25:52,460 INFO agents.log_analysis_agent [LogAnalysis] Processing alert 1780287405.191766 (rule=19008 lvl=3)
2026-06-02 09:25:52,467 INFO agents.log_analysis_agent [LogAnalysis] Done — noise=False iocs=0 mitre=[]
2026-06-02 09:25:52,472 INFO agents.log_analysis_agent [LogAnalysis] Done — noise=False iocs=0 mitre=[]
2026-06-02 09:25:52,473 INFO __main__ [Pipeline] Finished alert 1780287405.254901 \u2192 stage=dropped
2026-06-02 09:25:52,479 INFO __main__ [Pipeline] Starting alert 1780287405.153994 (LOW)
2026-06-02 09:25:52,481 INFO __main__ [Pipeline] Finished alert 1780287405.250557 \u2192 stage=dropped
2026-06-02 09:25:52,486 INFO agents.log_analysis_agent [LogAnalysis] Processing alert 1780287405.188876 (rule=19008 lvl=3)
2026-06-02 09:25:52,487 INFO agents.log_analysis_agent [LogAnalysis] Processing alert 1780287405.185926 (rule=19008 lvl=3)
2026-06-02 09:25:52,490 INFO __main__ [Pipeline] Starting alert 1780287405.150781 (LOW)
2026-06-02 09:25:52,492 INFO __main__ [Pipeline] Finished alert 1780287405.248471 \u2192 stage=dropped
2026-06-02 09:25:52,496 INFO openai._base_client Retrying request to /chat/completions in 0.497926 seconds
2026-06-02 09:25:52,496 INFO agents.supervisor [Supervisor] route_after_analysis: duplicate \u2192 drop
2026-06-02 09:25:52,501 INFO agents.log_analysis_agent [LogAnalysis] Done — noise=False iocs=0 mitre=[]
2026-06-02 09:25:52,506 INFO __main__ [Pipeline] Starting alert 1780287405.146873 (LOW)
2026-06-02 09:25:52,519 INFO agents.log_analysis_agent [LogAnalysis] Done — noise=False iocs=0 mitre=[]
2026-06-02 09:25:52,519 INFO agents.supervisor [Supervisor] route_after_analysis: duplicate \u2192 drop
2026-06-02 09:25:52,524 INFO __main__ [Pipeline] Finished alert 1780287405.245668 \u2192 stage=dropped
2026-06-02 09:25:52,528 INFO agents.log_analysis_agent [LogAnalysis] Done — noise=False iocs=0 mitre=[]
2026-06-02 09:25:52,529 INFO agents.supervisor [Supervisor] route_after_analysis: duplicate \u2192 drop
2026-06-02 09:25:52,532 INFO agents.log_analysis_agent [LogAnalysis] Done — noise=False iocs=0 mitre=[]
2026-06-02 09:25:52,537 INFO agents.log_analysis_agent [LogAnalysis] Processing alert 1780287405.181979 (rule=19007 lvl=7)
2026-06-02 09:25:52,542 INFO __main__ [Pipeline] Starting alert 1780287405.144409 (LOW)
2026-06-02 09:25:52,549 INFO agents.log_analysis_agent [LogAnalysis] Processing alert 1780287405.178073 (rule=19007 lvl=7)
2026-06-02 09:25:52,550 INFO __main__ [Pipeline] Finished alert 1780287405.241184 \u2192 stage=dropped
2026-06-02 09:25:52,555 INFO __main__ [Pipeline] Starting alert 1780287405.141634 (LOW)
2026-06-02 09:25:52,561 INFO agents.log_analysis_agent [LogAnalysis] Done — noise=False iocs=0 mitre=[]
2026-06-02 09:25:52,561 INFO agents.supervisor [Supervisor] route_after_analysis: duplicate \u2192 drop
2026-06-02 09:25:52,563 INFO agents.log_analysis_agent [LogAnalysis] Done — noise=False iocs=0 mitre=[]
2026-06-02 09:25:52,574 INFO agents.supervisor [Supervisor] Dropping alert 1780287405.227162 — reason=duplicate
2026-06-02 09:25:52,574 INFO agents.supervisor [Supervisor] route_after_analysis: duplicate \u2192 drop
2026-06-02 09:25:52,577 INFO agents.log_analysis_agent [LogAnalysis] Processing alert 1780287405.174126 (rule=19008 lvl=3)
2026-06-02 09:25:52,584 INFO agents.log_analysis_agent [LogAnalysis] Processing alert 1780287405.171487 (rule=19008 lvl=3)
2026-06-02 09:25:52,588 INFO agents.log_analysis_agent [LogAnalysis] Processing alert 1780287405.168774 (rule=19008 lvl=3)
2026-06-02 09:25:52,598 INFO agents.log_analysis_agent [LogAnalysis] Processing alert 1780287405.165336 (rule=19008 lvl=3)
2026-06-02 09:25:52,610 INFO agents.supervisor [Supervisor] route_after_analysis: duplicate \u2192 drop
2026-06-02 09:25:52,610 INFO agents.log_analysis_agent [LogAnalysis] Done — noise=False iocs=0 mitre=[]
2026-06-02 09:25:52,616 INFO __main__ [Pipeline] Finished alert 1780287405.238604 \u2192 stage=dropped
2026-06-02 09:25:52,621 INFO agents.log_analysis_agent [LogAnalysis] Done — noise=False iocs=0 mitre=[]
2026-06-02 09:25:52,622 INFO agents.log_analysis_agent [LogAnalysis] Processing alert 1780287405.159739 (rule=19009 lvl=3)
2026-06-02 09:25:52,627 INFO __main__ [Pipeline] Starting alert 1780287405.138944 (LOW)
2026-06-02 09:25:52,633 INFO __main__ [Pipeline] Finished alert 1780287405.232765 \u2192 stage=dropped
2026-06-02 09:25:52,635 INFO __main__ [Pipeline] Finished alert 1780287405.235636 \u2192 stage=dropped
2026-06-02 09:25:52,638 INFO __main__ [Pipeline] Starting alert 1780287405.134122 (HIGH)
2026-06-02 09:25:52,641 INFO __main__ [Pipeline] Starting alert 1780287405.130378 (LOW)
2026-06-02 09:25:52,645 INFO __main__ [Pipeline] Finished alert 1780287405.230124 \u2192 stage=dropped
2026-06-02 09:25:52,648 INFO agents.supervisor [Supervisor] Dropping alert 1780287405.224448 — reason=duplicate
2026-06-02 09:25:52,651 INFO __main__ [Pipeline] Starting alert 1780287405.125951 (LOW)
2026-06-02 09:25:52,651 INFO agents.supervisor [Supervisor] route_after_analysis: duplicate \u2192 drop
2026-06-02 09:25:52,654 INFO agents.supervisor [Supervisor] Dropping alert 1780287405.221901 — reason=duplicate
2026-06-02 09:25:52,656 INFO agents.supervisor [Supervisor] route_after_analysis: duplicate \u2192 drop
2026-06-02 09:25:52,663 INFO agents.log_analysis_agent [LogAnalysis] Done — noise=False iocs=0 mitre=[]
2026-06-02 09:25:52,666 INFO agents.log_analysis_agent [LogAnalysis] Done — noise=False iocs=0 mitre=[]
2026-06-02 09:25:52,673 INFO agents.log_analysis_agent [LogAnalysis] Done — noise=False iocs=0 mitre=[]
2026-06-02 09:25:52,678 INFO agents.supervisor [Supervisor] Dropping alert 1780287405.219369 — reason=duplicate
2026-06-02 09:25:52,683 INFO agents.log_analysis_agent [LogAnalysis] Done — noise=False iocs=0 mitre=[]
2026-06-02 09:25:52,707 INFO agents.supervisor [Supervisor] route_after_analysis: duplicate \u2192 drop
2026-06-02 09:25:52,708 INFO agents.log_analysis_agent [LogAnalysis] Done — noise=False iocs=0 mitre=[]
2026-06-02 09:25:52,709 INFO agents.supervisor [Supervisor] route_after_analysis: duplicate \u2192 drop
2026-06-02 09:25:52,714 INFO agents.supervisor [Supervisor] Dropping alert 1780287405.216409 — reason=duplicate
2026-06-02 09:25:52,717 INFO agents.supervisor [Supervisor] route_after_analysis: duplicate \u2192 drop
2026-06-02 09:25:52,723 INFO agents.supervisor [Supervisor] route_after_analysis: duplicate \u2192 drop
2026-06-02 09:25:52,724 INFO agents.log_analysis_agent [LogAnalysis] Processing alert 1780287405.153994 (rule=19009 lvl=3)
2026-06-02 09:25:52,772 INFO agents.supervisor [Supervisor] Dropping alert 1780287405.213128 — reason=duplicate
2026-06-02 09:25:52,784 INFO agents.log_analysis_agent [LogAnalysis] Processing alert 1780287405.150781 (rule=19009 lvl=3)
2026-06-02 09:25:52,791 INFO agents.log_analysis_agent [LogAnalysis] Processing alert 1780287405.146873 (rule=19009 lvl=3)
2026-06-02 09:25:52,793 INFO agents.supervisor [Supervisor] Dropping alert 1780287405.210197 — reason=duplicate
2026-06-02 09:25:52,793 INFO agents.supervisor [Supervisor] route_after_analysis: duplicate \u2192 drop
2026-06-02 09:25:52,800 INFO agents.supervisor [Supervisor] route_after_analysis: duplicate \u2192 drop
2026-06-02 09:25:52,802 INFO agents.log_analysis_agent [LogAnalysis] Processing alert 1780287405.144409 (rule=19008 lvl=3)
2026-06-02 09:25:52,810 INFO agents.supervisor [Supervisor] route_after_analysis: duplicate \u2192 drop
2026-06-02 09:25:52,811 INFO agents.log_analysis_agent [LogAnalysis] Done — noise=False iocs=0 mitre=[]
2026-06-02 09:25:52,812 INFO agents.log_analysis_agent [LogAnalysis] Processing alert 1780287405.141634 (rule=19009 lvl=3)
2026-06-02 09:25:52,812 INFO agents.supervisor [Supervisor] Dropping alert 1780287405.206939 — reason=duplicate
2026-06-02 09:25:52,813 INFO agents.supervisor [Supervisor] Dropping alert 1780287405.204011 — reason=duplicate
2026-06-02 09:25:52,816 INFO agents.log_analysis_agent [LogAnalysis] Done — noise=False iocs=0 mitre=[]
2026-06-02 09:25:52,817 INFO agents.supervisor [Supervisor] route_after_analysis: duplicate \u2192 drop
2026-06-02 09:25:52,820 INFO agents.log_analysis_agent [LogAnalysis] Done — noise=False iocs=0 mitre=[]
2026-06-02 09:25:52,827 INFO agents.supervisor [Supervisor] Dropping alert 1780287405.200154 — reason=duplicate
2026-06-02 09:25:52,830 INFO agents.supervisor [Supervisor] route_after_analysis: duplicate \u2192 drop
2026-06-02 09:25:52,831 INFO agents.log_analysis_agent [LogAnalysis] Done — noise=False iocs=0 mitre=[]
2026-06-02 09:25:52,836 INFO agents.supervisor [Supervisor] route_after_analysis: duplicate \u2192 drop
2026-06-02 09:25:52,838 INFO agents.supervisor [Supervisor] Dropping alert 1780287405.197217 — reason=duplicate
2026-06-02 09:25:52,838 INFO agents.supervisor [Supervisor] route_after_analysis: duplicate \u2192 drop
2026-06-02 09:25:52,842 INFO agents.supervisor [Supervisor] Dropping alert 1780287405.194776 — reason=duplicate
2026-06-02 09:25:52,846 INFO agents.supervisor [Supervisor] route_after_analysis: duplicate \u2192 drop
2026-06-02 09:25:52,852 INFO agents.supervisor [Supervisor] Dropping alert 1780287405.191766 — reason=duplicate
2026-06-02 09:25:52,921 INFO agents.log_analysis_agent [LogAnalysis] Processing alert 1780287405.138944 (rule=19009 lvl=3)
2026-06-02 09:25:52,964 INFO agents.log_analysis_agent [LogAnalysis] Done — noise=False iocs=0 mitre=[]
2026-06-02 09:25:52,975 INFO agents.log_analysis_agent [LogAnalysis] Processing alert 1780287405.134122 (rule=19007 lvl=7)
2026-06-02 09:25:52,982 INFO agents.log_analysis_agent [LogAnalysis] Processing alert 1780287405.130378 (rule=19009 lvl=3)
2026-06-02 09:25:52,984 INFO agents.supervisor [Supervisor] route_after_analysis: duplicate \u2192 drop
2026-06-02 09:25:52,984 INFO agents.log_analysis_agent [LogAnalysis] Processing alert 1780287405.125951 (rule=19009 lvl=3)
2026-06-02 09:25:52,987 INFO agents.supervisor [Supervisor] Dropping alert 1780287405.188876 — reason=duplicate
2026-06-02 09:25:52,993 INFO agents.supervisor [Supervisor] Dropping alert 1780287405.185926 — reason=duplicate
2026-06-02 09:25:53,002 INFO __main__ [Pipeline] Finished alert 1780287405.227162 \u2192 stage=dropped
2026-06-02 09:25:53,004 INFO agents.supervisor [Supervisor] Dropping alert 1780287405.181979 — reason=duplicate
2026-06-02 09:25:53,010 INFO agents.log_analysis_agent [LogAnalysis] Done — noise=False iocs=0 mitre=[]
2026-06-02 09:25:53,013 INFO agents.log_analysis_agent [LogAnalysis] Done — noise=False iocs=0 mitre=[]
2026-06-02 09:25:53,017 INFO __main__ [Pipeline] Starting alert 1780287405.120634 (LOW)
2026-06-02 09:25:53,025 INFO agents.log_analysis_agent [LogAnalysis] Done — noise=False iocs=0 mitre=[]
2026-06-02 09:25:53,027 INFO agents.supervisor [Supervisor] Dropping alert 1780287405.178073 — reason=duplicate
2026-06-02 09:25:53,031 INFO agents.log_analysis_agent [LogAnalysis] Done — noise=False iocs=0 mitre=[]
2026-06-02 09:25:53,038 INFO agents.supervisor [Supervisor] route_after_analysis: duplicate \u2192 drop
2026-06-02 09:25:53,040 INFO __main__ [Pipeline] Finished alert 1780287405.224448 \u2192 stage=dropped
2026-06-02 09:25:53,045 INFO __main__ [Pipeline] Finished alert 1780287405.221901 \u2192 stage=dropped
2026-06-02 09:25:53,098 INFO agents.supervisor [Supervisor] Dropping alert 1780287405.174126 — reason=duplicate
2026-06-02 09:25:53,103 INFO agents.supervisor [Supervisor] route_after_analysis: duplicate \u2192 drop
2026-06-02 09:25:53,106 INFO agents.supervisor [Supervisor] Dropping alert 1780287405.171487 — reason=duplicate
2026-06-02 09:25:53,112 INFO __main__ [Pipeline] Starting alert 1780287405.116826 (HIGH)
2026-06-02 09:25:53,116 INFO __main__ [Pipeline] Starting alert 1780287405.113808 (HIGH)
2026-06-02 09:25:53,120 INFO agents.supervisor [Supervisor] route_after_analysis: duplicate \u2192 drop
2026-06-02 09:25:53,121 INFO agents.supervisor [Supervisor] Dropping alert 1780287405.168774 — reason=duplicate
2026-06-02 09:25:53,124 INFO agents.supervisor [Supervisor] Dropping alert 1780287405.165336 — reason=duplicate
2026-06-02 09:25:53,134 INFO agents.supervisor [Supervisor] route_after_analysis: duplicate \u2192 drop
2026-06-02 09:25:53,134 INFO agents.supervisor [Supervisor] Dropping alert 1780287405.159739 — reason=duplicate
2026-06-02 09:25:53,142 INFO __main__ [Pipeline] Finished alert 1780287405.219369 \u2192 stage=dropped
2026-06-02 09:25:53,149 INFO __main__ [Pipeline] Starting alert 1780287405.110392 (LOW)
2026-06-02 09:25:53,153 INFO __main__ [Pipeline] Finished alert 1780287405.216409 \u2192 stage=dropped
2026-06-02 09:25:53,154 INFO agents.supervisor [Supervisor] route_after_analysis: duplicate \u2192 drop
2026-06-02 09:25:53,155 INFO __main__ [Pipeline] Starting alert 1780287405.107093 (LOW)
2026-06-02 09:25:53,161 INFO __main__ [Pipeline] Finished alert 1780287405.213128 \u2192 stage=dropped
2026-06-02 09:25:53,177 INFO __main__ [Pipeline] Starting alert 1780287405.103444 (LOW)
2026-06-02 09:25:53,185 INFO __main__ [Pipeline] Finished alert 1780287405.210197 \u2192 stage=dropped
2026-06-02 09:25:53,323 INFO __main__ [Pipeline] Starting alert 1780287405.100131 (LOW)
2026-06-02 09:25:53,329 INFO agents.supervisor [Supervisor] Dropping alert 1780287405.153994 — reason=duplicate
2026-06-02 09:25:53,329 INFO agents.supervisor [Supervisor] route_after_analysis: duplicate \u2192 drop
2026-06-02 09:25:53,331 INFO __main__ [Pipeline] Finished alert 1780287405.206939 \u2192 stage=dropped
2026-06-02 09:25:53,335 INFO agents.supervisor [Supervisor] route_after_analysis: duplicate \u2192 drop
2026-06-02 09:25:53,342 INFO openai._base_client Retrying request to /chat/completions in 0.798555 seconds
2026-06-02 09:25:53,343 INFO agents.supervisor [Supervisor] route_after_analysis: duplicate \u2192 drop
2026-06-02 09:25:53,345 INFO agents.supervisor [Supervisor] Dropping alert 1780287405.150781 — reason=duplicate
2026-06-02 09:25:53,349 INFO __main__ [Pipeline] Starting alert 1780287405.95760 (LOW)
2026-06-02 09:25:53,393 INFO agents.supervisor [Supervisor] Dropping alert 1780287405.146873 — reason=duplicate
2026-06-02 09:25:53,396 INFO __main__ [Pipeline] Finished alert 1780287405.204011 \u2192 stage=dropped
2026-06-02 09:25:53,396 INFO agents.supervisor [Supervisor] route_after_analysis: duplicate \u2192 drop
2026-06-02 09:25:53,401 INFO __main__ [Pipeline] Starting alert 1780287405.92496 (LOW)
2026-06-02 09:25:53,408 INFO agents.supervisor [Supervisor] Dropping alert 1780287405.144409 — reason=duplicate
2026-06-02 09:25:53,412 INFO agents.log_analysis_agent [LogAnalysis] Processing alert 1780287405.120634 (rule=19009 lvl=3)
2026-06-02 09:25:53,424 INFO __main__ [Pipeline] Finished alert 1780287405.200154 \u2192 stage=dropped
2026-06-02 09:25:53,430 INFO __main__ [Pipeline] Starting alert 1780287405.89216 (LOW)
2026-06-02 09:25:53,435 INFO __main__ [Pipeline] Finished alert 1780287405.191766 \u2192 stage=dropped
2026-06-02 09:25:53,438 INFO __main__ [Pipeline] Finished alert 1780287405.194776 \u2192 stage=dropped
2026-06-02 09:25:53,439 INFO __main__ [Pipeline] Finished alert 1780287405.197217 \u2192 stage=dropped
2026-06-02 09:25:53,444 INFO agents.supervisor [Supervisor] Dropping alert 1780287405.141634 — reason=duplicate
2026-06-02 09:25:53,445 INFO __main__ [Pipeline] Starting alert 1780287405.83940 (LOW)
2026-06-02 09:25:53,449 INFO __main__ [Pipeline] Starting alert 1780287405.80476 (LOW)
2026-06-02 09:25:53,453 INFO __main__ [Pipeline] Starting alert 1780287405.77014 (LOW)
2026-06-02 09:25:53,463 INFO agents.log_analysis_agent [LogAnalysis] Processing alert 1780287405.116826 (rule=19007 lvl=7)
2026-06-02 09:25:53,464 INFO agents.log_analysis_agent [LogAnalysis] Processing alert 1780287405.113808 (rule=19007 lvl=7)
2026-06-02 09:25:53,466 INFO __main__ [Pipeline] Finished alert 1780287405.188876 \u2192 stage=dropped
2026-06-02 09:25:53,471 INFO agents.log_analysis_agent [LogAnalysis] Done — noise=False iocs=0 mitre=[]
2026-06-02 09:25:53,475 INFO __main__ [Pipeline] Starting alert 1780287405.73502 (LOW)
2026-06-02 09:25:53,484 INFO agents.supervisor [Supervisor] Dropping alert 1780287405.138944 — reason=duplicate
2026-06-02 09:25:53,487 INFO __main__ [Pipeline] Finished alert 1780287405.185926 \u2192 stage=dropped
2026-06-02 09:25:53,491 INFO agents.supervisor [Supervisor] Dropping alert 1780287405.134122 — reason=duplicate
2026-06-02 09:25:53,498 INFO agents.supervisor [Supervisor] Dropping alert 1780287405.130378 — reason=duplicate
2026-06-02 09:25:53,500 INFO agents.log_analysis_agent [LogAnalysis] Processing alert 1780287405.110392 (rule=19009 lvl=3)
2026-06-02 09:25:53,506 INFO __main__ [Pipeline] Starting alert 1780287405.68585 (LOW)
2026-06-02 09:25:53,526 INFO __main__ [Pipeline] Finished alert 1780287405.181979 \u2192 stage=dropped
2026-06-02 09:25:53,527 INFO agents.log_analysis_agent [LogAnalysis] Processing alert 1780287405.107093 (rule=19009 lvl=3)
2026-06-02 09:25:53,528 INFO __main__ [Pipeline] Starting alert 1780287405.65277 (LOW)
2026-06-02 09:25:53,537 INFO agents.log_analysis_agent [LogAnalysis] Done — noise=False iocs=0 mitre=[]
2026-06-02 09:25:53,539 INFO agents.log_analysis_agent [LogAnalysis] Done — noise=False iocs=0 mitre=[]
2026-06-02 09:25:53,541 INFO agents.supervisor [Supervisor] Dropping alert 1780287405.125951 — reason=duplicate
2026-06-02 09:25:53,542 INFO __main__ [Pipeline] Finished alert 1780287405.178073 \u2192 stage=dropped
2026-06-02 09:25:53,545 INFO agents.log_analysis_agent [LogAnalysis] Processing alert 1780287405.103444 (rule=19009 lvl=3)
2026-06-02 09:25:53,560 INFO __main__ [Pipeline] Starting alert 1780287405.61943 (LOW)
2026-06-02 09:25:53,566 INFO __main__ [Pipeline] Finished alert 1780287405.174126 \u2192 stage=dropped
2026-06-02 09:25:53,570 INFO __main__ [Pipeline] Finished alert 1780287405.171487 \u2192 stage=dropped
2026-06-02 09:25:53,572 INFO agents.log_analysis_agent [LogAnalysis] Processing alert 1780287405.100131 (rule=19009 lvl=3)
2026-06-02 09:25:53,573 INFO __main__ [Pipeline] Starting alert 1780287405.58601 (LOW)
2026-06-02 09:25:53,575 INFO __main__ [Pipeline] Starting alert 1780287405.54240 (LOW)
2026-06-02 09:25:53,579 INFO agents.log_analysis_agent [LogAnalysis] Done — noise=False iocs=0 mitre=[]
2026-06-02 09:25:53,629 INFO __main__ [Pipeline] Finished alert 1780287405.168774 \u2192 stage=dropped
2026-06-02 09:25:53,631 INFO __main__ [Pipeline] Finished alert 1780287405.165336 \u2192 stage=dropped
2026-06-02 09:25:53,638 INFO agents.log_analysis_agent [LogAnalysis] Done — noise=False iocs=0 mitre=[]
2026-06-02 09:25:53,645 INFO agents.log_analysis_agent [LogAnalysis] Processing alert 1780287405.95760 (rule=19009 lvl=3)
2026-06-02 09:25:53,674 INFO __main__ [Pipeline] Starting alert 1780287405.50878 (LOW)
2026-06-02 09:25:53,778 INFO __main__ [Pipeline] Starting alert 1780287404.47544 (LOW)
2026-06-02 09:25:53,839 INFO __main__ [Pipeline] Finished alert 1780287405.159739 \u2192 stage=dropped
2026-06-02 09:25:53,846 INFO agents.log_analysis_agent [LogAnalysis] Done — noise=False iocs=0 mitre=[]
2026-06-02 09:25:53,849 INFO agents.log_analysis_agent [LogAnalysis] Processing alert 1780287405.92496 (rule=19009 lvl=3)
2026-06-02 09:25:53,912 INFO __main__ [Pipeline] Starting alert 1780287404.44184 (LOW)
2026-06-02 09:25:53,920 INFO agents.log_analysis_agent [LogAnalysis] Done — noise=False iocs=0 mitre=[]
2026-06-02 09:25:53,922 INFO agents.log_analysis_agent [LogAnalysis] Processing alert 1780287405.89216 (rule=19009 lvl=3)
2026-06-02 09:25:53,929 INFO agents.supervisor [Supervisor] route_after_analysis: duplicate \u2192 drop
2026-06-02 09:25:53,929 INFO agents.log_analysis_agent [LogAnalysis] Processing alert 1780287405.83940 (rule=19009 lvl=3)
2026-06-02 09:25:53,931 INFO agents.log_analysis_agent [LogAnalysis] Processing alert 1780287405.80476 (rule=19009 lvl=3)
2026-06-02 09:25:53,931 INFO agents.log_analysis_agent [LogAnalysis] Processing alert 1780287405.77014 (rule=19009 lvl=3)
2026-06-02 09:25:53,937 INFO agents.log_analysis_agent [LogAnalysis] Done — noise=False iocs=0 mitre=[]
2026-06-02 09:25:53,942 INFO __main__ [Pipeline] Finished alert 1780287405.153994 \u2192 stage=dropped
2026-06-02 09:25:53,946 INFO agents.log_analysis_agent [LogAnalysis] Done — noise=False iocs=0 mitre=[]
2026-06-02 09:25:53,952 INFO __main__ [Pipeline] Starting alert 1780287404.38261 (LOW)
2026-06-02 09:25:53,956 INFO agents.log_analysis_agent [LogAnalysis] Processing alert 1780287405.73502 (rule=19009 lvl=3)
2026-06-02 09:25:53,960 INFO __main__ [Pipeline] Finished alert 1780287405.150781 \u2192 stage=dropped
2026-06-02 09:25:53,964 INFO __main__ [Pipeline] Finished alert 1780287405.146873 \u2192 stage=dropped
2026-06-02 09:25:53,966 INFO agents.log_analysis_agent [LogAnalysis] Done — noise=False iocs=0 mitre=[]
2026-06-02 09:25:53,970 INFO agents.log_analysis_agent [LogAnalysis] Done — noise=False iocs=0 mitre=[]
2026-06-02 09:25:53,974 INFO __main__ [Pipeline] Starting alert 1780287404.34997 (LOW)
2026-06-02 09:25:53,979 INFO __main__ [Pipeline] Starting alert 1780287404.31735 (LOW)
2026-06-02 09:25:53,985 INFO agents.log_analysis_agent [LogAnalysis] Done — noise=False iocs=0 mitre=[]
2026-06-02 09:25:53,988 INFO agents.log_analysis_agent [LogAnalysis] Done — noise=False iocs=0 mitre=[]
2026-06-02 09:25:53,992 INFO agents.log_analysis_agent [LogAnalysis] Processing alert 1780287405.68585 (rule=19009 lvl=3)
2026-06-02 09:25:53,994 INFO __main__ [Pipeline] Finished alert 1780287405.144409 \u2192 stage=dropped
2026-06-02 09:25:53,998 INFO agents.log_analysis_agent [LogAnalysis] Processing alert 1780287405.65277 (rule=19009 lvl=3)
2026-06-02 09:25:53,999 INFO __main__ [Pipeline] Starting alert 1780287404.25930 (LOW)
2026-06-02 09:25:54,001 INFO __main__ [Pipeline] Finished alert 1780287405.141634 \u2192 stage=dropped
2026-06-02 09:25:54,004 INFO __main__ [Pipeline] Starting alert 1780287404.22676 (LOW)
2026-06-02 09:25:54,008 INFO agents.log_analysis_agent [LogAnalysis] Processing alert 1780287405.61943 (rule=19009 lvl=3)
2026-06-02 09:25:54,010 INFO agents.log_analysis_agent [LogAnalysis] Done — noise=False iocs=0 mitre=[]
2026-06-02 09:25:54,015 INFO agents.supervisor [Supervisor] Dropping alert 1780287405.120634 — reason=duplicate
2026-06-02 09:25:54,016 INFO agents.log_analysis_agent [LogAnalysis] Processing alert 1780287405.58601 (rule=19009 lvl=3)
2026-06-02 09:25:54,016 INFO agents.log_analysis_agent [LogAnalysis] Processing alert 1780287405.54240 (rule=19009 lvl=3)
2026-06-02 09:25:54,019 INFO agents.log_analysis_agent [LogAnalysis] Done — noise=False iocs=0 mitre=[]
2026-06-02 09:25:54,076 INFO __main__ [Pipeline] Finished alert 1780287405.138944 \u2192 stage=dropped
2026-06-02 09:25:54,080 INFO agents.log_analysis_agent [LogAnalysis] Done — noise=False iocs=0 mitre=[]
2026-06-02 09:25:54,080 INFO agents.log_analysis_agent [LogAnalysis] Processing alert 1780287405.50878 (rule=19009 lvl=3)
2026-06-02 09:25:54,080 INFO agents.log_analysis_agent [LogAnalysis] Processing alert 1780287404.47544 (rule=19009 lvl=3)
2026-06-02 09:25:54,081 INFO __main__ [Pipeline] Starting alert 1780287404.19396 (LOW)
2026-06-02 09:25:54,083 INFO __main__ [Pipeline] Finished alert 1780287405.134122 \u2192 stage=dropped
2026-06-02 09:25:54,088 INFO __main__ [Pipeline] Starting alert 1780287404.16312 (LOW)
2026-06-02 09:25:54,092 INFO __main__ [Pipeline] Finished alert 1780287405.130378 \u2192 stage=dropped
2026-06-02 09:25:54,096 INFO agents.log_analysis_agent [LogAnalysis] Done — noise=False iocs=0 mitre=[]
2026-06-02 09:25:54,099 INFO agents.log_analysis_agent [LogAnalysis] Processing alert 1780287404.44184 (rule=19009 lvl=3)
2026-06-02 09:25:54,100 INFO __main__ [Pipeline] Starting alert 1780287404.10905 (LOW)
2026-06-02 09:25:54,107 INFO __main__ [Pipeline] Finished alert 1780287405.125951 \u2192 stage=dropped
2026-06-02 09:25:54,110 INFO agents.log_analysis_agent [LogAnalysis] Done — noise=False iocs=0 mitre=[]
2026-06-02 09:25:54,115 INFO agents.log_analysis_agent [LogAnalysis] Done — noise=False iocs=0 mitre=[]
2026-06-02 09:25:54,119 INFO __main__ [Pipeline] Starting alert 1780287404.5485 (LOW)
2026-06-02 09:25:54,127 INFO agents.log_analysis_agent [LogAnalysis] Done — noise=False iocs=0 mitre=[]
2026-06-02 09:25:54,129 INFO agents.log_analysis_agent [LogAnalysis] Done — noise=False iocs=0 mitre=[]
2026-06-02 09:25:54,136 INFO agents.log_analysis_agent [LogAnalysis] Done — noise=False iocs=0 mitre=[]
2026-06-02 09:25:54,148 INFO agents.log_analysis_agent [LogAnalysis] Processing alert 1780287404.38261 (rule=19009 lvl=3)
2026-06-02 09:25:54,154 INFO agents.log_analysis_agent [LogAnalysis] Processing alert 1780287404.34997 (rule=19009 lvl=3)
2026-06-02 09:25:54,156 INFO agents.log_analysis_agent [LogAnalysis] Processing alert 1780287404.31735 (rule=19009 lvl=3)
2026-06-02 09:25:54,159 INFO agents.log_analysis_agent [LogAnalysis] Processing alert 1780287404.25930 (rule=19009 lvl=3)
2026-06-02 09:25:54,162 INFO agents.log_analysis_agent [LogAnalysis] Processing alert 1780287404.22676 (rule=19009 lvl=3)
2026-06-02 09:25:54,167 INFO agents.log_analysis_agent [LogAnalysis] Done — noise=False iocs=0 mitre=[]
2026-06-02 09:25:54,172 INFO agents.log_analysis_agent [LogAnalysis] Done — noise=False iocs=0 mitre=[]
2026-06-02 09:25:54,176 INFO agents.log_analysis_agent [LogAnalysis] Done — noise=False iocs=0 mitre=[]
2026-06-02 09:25:54,315 INFO agents.log_analysis_agent [LogAnalysis] Done — noise=False iocs=0 mitre=[]
2026-06-02 09:25:54,319 INFO agents.log_analysis_agent [LogAnalysis] Processing alert 1780287404.19396 (rule=19009 lvl=3)
2026-06-02 09:25:54,324 INFO agents.supervisor [Supervisor] route_after_analysis: duplicate \u2192 drop
2026-06-02 09:25:54,324 INFO agents.supervisor [Supervisor] route_after_analysis: duplicate \u2192 drop
2026-06-02 09:25:54,324 INFO agents.supervisor [Supervisor] route_after_analysis: duplicate \u2192 drop
2026-06-02 09:25:54,324 INFO agents.supervisor [Supervisor] route_after_analysis: duplicate \u2192 drop
2026-06-02 09:25:54,324 INFO agents.supervisor [Supervisor] route_after_analysis: duplicate \u2192 drop
2026-06-02 09:25:54,324 INFO agents.supervisor [Supervisor] route_after_analysis: duplicate \u2192 drop
2026-06-02 09:25:54,326 INFO agents.log_analysis_agent [LogAnalysis] Processing alert 1780287404.16312 (rule=19009 lvl=3)
2026-06-02 09:25:54,327 INFO agents.supervisor [Supervisor] route_after_analysis: duplicate \u2192 drop
2026-06-02 09:25:54,330 INFO agents.supervisor [Supervisor] route_after_analysis: duplicate \u2192 drop
2026-06-02 09:25:54,330 INFO agents.supervisor [Supervisor] route_after_analysis: duplicate \u2192 drop
2026-06-02 09:25:54,334 INFO agents.supervisor [Supervisor] route_after_analysis: duplicate \u2192 drop
2026-06-02 09:25:54,334 INFO agents.supervisor [Supervisor] route_after_analysis: duplicate \u2192 drop
2026-06-02 09:25:54,334 INFO agents.supervisor [Supervisor] route_after_analysis: duplicate \u2192 drop
2026-06-02 09:25:54,336 INFO agents.log_analysis_agent [LogAnalysis] Done — noise=False iocs=0 mitre=[]
2026-06-02 09:25:54,338 INFO agents.supervisor [Supervisor] route_after_analysis: duplicate \u2192 drop
2026-06-02 09:25:54,338 INFO agents.supervisor [Supervisor] route_after_analysis: duplicate \u2192 drop
2026-06-02 09:25:54,342 INFO agents.supervisor [Supervisor] route_after_analysis: duplicate \u2192 drop
2026-06-02 09:25:54,344 INFO agents.log_analysis_agent [LogAnalysis] Processing alert 1780287404.10905 (rule=19009 lvl=3)
2026-06-02 09:25:54,344 INFO agents.supervisor [Supervisor] route_after_analysis: duplicate \u2192 drop
2026-06-02 09:25:54,344 INFO agents.supervisor [Supervisor] route_after_analysis: duplicate \u2192 drop
2026-06-02 09:25:54,346 INFO agents.supervisor [Supervisor] route_after_analysis: duplicate \u2192 drop
2026-06-02 09:25:54,348 INFO agents.log_analysis_agent [LogAnalysis] Processing alert 1780287404.5485 (rule=19009 lvl=3)
2026-06-02 09:25:54,352 INFO __main__ [Pipeline] Finished alert 1780287405.120634 \u2192 stage=dropped
2026-06-02 09:25:54,355 INFO agents.log_analysis_agent [LogAnalysis] Done — noise=False iocs=0 mitre=[]
2026-06-02 09:25:54,359 INFO __main__ [Pipeline] Starting alert 1780287404.241 (LOW)
2026-06-02 09:25:54,383 INFO agents.log_analysis_agent [LogAnalysis] Done — noise=False iocs=0 mitre=[]
2026-06-02 09:25:54,394 INFO agents.log_analysis_agent [LogAnalysis] Done — noise=False iocs=0 mitre=[]
2026-06-02 09:25:54,397 INFO agents.log_analysis_agent [LogAnalysis] Done — noise=False iocs=0 mitre=[]
2026-06-02 09:25:54,409 INFO agents.supervisor [Supervisor] Dropping alert 1780287405.100131 — reason=duplicate
2026-06-02 09:25:54,412 INFO agents.supervisor [Supervisor] Dropping alert 1780287405.113808 — reason=duplicate
2026-06-02 09:25:54,416 INFO agents.supervisor [Supervisor] Dropping alert 1780287405.110392 — reason=duplicate
2026-06-02 09:25:54,427 INFO agents.supervisor [Supervisor] Dropping alert 1780287405.107093 — reason=duplicate
2026-06-02 09:25:54,430 INFO agents.supervisor [Supervisor] Dropping alert 1780287405.103444 — reason=duplicate
2026-06-02 09:25:54,436 INFO agents.supervisor [Supervisor] Dropping alert 1780287405.116826 — reason=duplicate
2026-06-02 09:25:54,448 INFO agents.supervisor [Supervisor] Dropping alert 1780287405.95760 — reason=duplicate
2026-06-02 09:25:54,449 INFO agents.supervisor [Supervisor] Dropping alert 1780287405.92496 — reason=duplicate
2026-06-02 09:25:54,454 INFO agents.supervisor [Supervisor] Dropping alert 1780287405.89216 — reason=duplicate
2026-06-02 09:25:54,459 INFO agents.supervisor [Supervisor] Dropping alert 1780287405.83940 — reason=duplicate
2026-06-02 09:25:54,463 INFO agents.supervisor [Supervisor] Dropping alert 1780287405.80476 — reason=duplicate
2026-06-02 09:25:54,468 INFO agents.supervisor [Supervisor] Dropping alert 1780287405.77014 — reason=duplicate
2026-06-02 09:25:54,474 INFO agents.supervisor [Supervisor] Dropping alert 1780287405.73502 — reason=duplicate
2026-06-02 09:25:54,475 INFO agents.supervisor [Supervisor] Dropping alert 1780287405.68585 — reason=duplicate
2026-06-02 09:25:54,486 INFO agents.supervisor [Supervisor] Dropping alert 1780287405.65277 — reason=duplicate
2026-06-02 09:25:54,491 INFO agents.supervisor [Supervisor] Dropping alert 1780287405.61943 — reason=duplicate
2026-06-02 09:25:54,494 INFO agents.supervisor [Supervisor] Dropping alert 1780287405.58601 — reason=duplicate
2026-06-02 09:25:54,499 INFO agents.supervisor [Supervisor] Dropping alert 1780287405.54240 — reason=duplicate
2026-06-02 09:25:54,510 INFO agents.log_analysis_agent [LogAnalysis] Processing alert 1780287404.241 (rule=19009 lvl=3)
2026-06-02 09:25:54,522 INFO agents.log_analysis_agent [LogAnalysis] Done — noise=False iocs=0 mitre=[]
2026-06-02 09:25:54,524 INFO __main__ [Pipeline] Finished alert 1780287405.113808 \u2192 stage=dropped
2026-06-02 09:25:54,525 INFO __main__ [Pipeline] Finished alert 1780287405.107093 \u2192 stage=dropped
2026-06-02 09:25:54,525 INFO __main__ [Pipeline] Finished alert 1780287405.103444 \u2192 stage=dropped
2026-06-02 09:25:54,525 INFO __main__ [Pipeline] Finished alert 1780287405.110392 \u2192 stage=dropped
2026-06-02 09:25:54,526 INFO __main__ [Pipeline] Finished alert 1780287405.100131 \u2192 stage=dropped
2026-06-02 09:25:54,526 INFO __main__ [Pipeline] Finished alert 1780287405.95760 \u2192 stage=dropped
2026-06-02 09:25:54,526 INFO __main__ [Pipeline] Finished alert 1780287405.116826 \u2192 stage=dropped
2026-06-02 09:25:54,526 INFO __main__ [Pipeline] Finished alert 1780287405.92496 \u2192 stage=dropped
2026-06-02 09:25:54,527 INFO __main__ [Pipeline] Starting alert 1780287404.0 (LOW)
2026-06-02 09:25:54,528 INFO __main__ [Pipeline] Finished alert 1780287405.89216 \u2192 stage=dropped
2026-06-02 09:25:54,530 INFO __main__ [Pipeline] Finished alert 1780287405.80476 \u2192 stage=dropped
2026-06-02 09:25:54,535 INFO __main__ [Pipeline] Finished alert 1780287405.83940 \u2192 stage=dropped
2026-06-02 09:25:54,535 INFO __main__ [Pipeline] Finished alert 1780287405.68585 \u2192 stage=dropped
2026-06-02 09:25:54,535 INFO __main__ [Pipeline] Finished alert 1780287405.77014 \u2192 stage=dropped
2026-06-02 09:25:54,539 INFO __main__ [Pipeline] Finished alert 1780287405.73502 \u2192 stage=dropped
2026-06-02 09:25:54,541 INFO agents.log_analysis_agent [LogAnalysis] Processing alert 1780287404.0 (rule=502 lvl=3)
2026-06-02 09:25:54,546 INFO agents.log_analysis_agent [LogAnalysis] Done — noise=False iocs=0 mitre=[]
2026-06-02 09:25:54,591 INFO agents.supervisor [Supervisor] route_after_analysis: duplicate \u2192 drop
2026-06-02 09:25:54,592 INFO agents.supervisor [Supervisor] route_after_analysis: duplicate \u2192 drop
2026-06-02 09:25:54,592 INFO agents.supervisor [Supervisor] route_after_analysis: duplicate \u2192 drop
2026-06-02 09:25:54,607 INFO agents.supervisor [Supervisor] route_after_analysis: duplicate \u2192 drop
2026-06-02 09:25:54,607 INFO agents.supervisor [Supervisor] route_after_analysis: duplicate \u2192 drop
2026-06-02 09:25:54,607 INFO agents.supervisor [Supervisor] route_after_analysis: duplicate \u2192 drop
2026-06-02 09:25:54,622 INFO agents.supervisor [Supervisor] route_after_analysis: duplicate \u2192 drop
2026-06-02 09:25:54,622 INFO agents.supervisor [Supervisor] route_after_analysis: duplicate \u2192 drop
2026-06-02 09:25:54,624 INFO agents.supervisor [Supervisor] Dropping alert 1780287405.50878 — reason=duplicate
2026-06-02 09:25:54,626 INFO agents.supervisor [Supervisor] route_after_analysis: duplicate \u2192 drop
2026-06-02 09:25:54,626 INFO agents.supervisor [Supervisor] route_after_analysis: duplicate \u2192 drop
2026-06-02 09:25:54,631 INFO agents.supervisor [Supervisor] route_after_analysis: duplicate \u2192 drop
2026-06-02 09:25:54,631 INFO agents.supervisor [Supervisor] route_after_analysis: duplicate \u2192 drop
2026-06-02 09:25:54,632 INFO agents.supervisor [Supervisor] route_after_analysis: duplicate \u2192 drop
2026-06-02 09:25:54,640 INFO agents.supervisor [Supervisor] route_after_analysis: duplicate \u2192 drop
2026-06-02 09:25:54,796 INFO agents.supervisor [Supervisor] Dropping alert 1780287404.47544 — reason=duplicate
2026-06-02 09:25:54,801 INFO agents.supervisor [Supervisor] Dropping alert 1780287404.44184 — reason=duplicate
2026-06-02 09:25:54,805 INFO agents.supervisor [Supervisor] Dropping alert 1780287404.38261 — reason=duplicate
2026-06-02 09:25:54,809 INFO agents.supervisor [Supervisor] Dropping alert 1780287404.34997 — reason=duplicate
2026-06-02 09:25:54,813 INFO agents.supervisor [Supervisor] Dropping alert 1780287404.31735 — reason=duplicate
2026-06-02 09:25:54,817 INFO agents.supervisor [Supervisor] Dropping alert 1780287404.25930 — reason=duplicate
2026-06-02 09:25:54,821 INFO agents.supervisor [Supervisor] Dropping alert 1780287404.22676 — reason=duplicate
2026-06-02 09:25:54,842 INFO agents.supervisor [Supervisor] Dropping alert 1780287404.19396 — reason=duplicate
2026-06-02 09:25:54,843 INFO agents.supervisor [Supervisor] Dropping alert 1780287404.16312 — reason=duplicate
2026-06-02 09:25:54,848 INFO agents.supervisor [Supervisor] Dropping alert 1780287404.10905 — reason=duplicate
2026-06-02 09:25:54,849 INFO agents.supervisor [Supervisor] Dropping alert 1780287404.5485 — reason=duplicate
2026-06-02 09:25:54,856 INFO agents.supervisor [Supervisor] Dropping alert 1780287404.241 — reason=duplicate
2026-06-02 09:25:54,857 INFO agents.supervisor [Supervisor] Dropping alert 1780287404.0 — reason=duplicate
2026-06-02 09:25:54,866 INFO __main__ [Pipeline] Finished alert 1780287405.50878 \u2192 stage=dropped
2026-06-02 09:25:54,881 INFO __main__ [Pipeline] Finished alert 1780287404.44184 \u2192 stage=dropped
2026-06-02 09:25:54,883 INFO __main__ [Pipeline] Finished alert 1780287404.47544 \u2192 stage=dropped
2026-06-02 09:25:54,887 INFO __main__ [Pipeline] Finished alert 1780287404.34997 \u2192 stage=dropped
2026-06-02 09:25:54,891 INFO __main__ [Pipeline] Finished alert 1780287404.38261 \u2192 stage=dropped
2026-06-02 09:25:54,893 INFO __main__ [Pipeline] Finished alert 1780287404.31735 \u2192 stage=dropped
2026-06-02 09:25:54,896 INFO __main__ [Pipeline] Finished alert 1780287404.25930 \u2192 stage=dropped
2026-06-02 09:25:54,897 INFO __main__ [Pipeline] Finished alert 1780287404.19396 \u2192 stage=dropped
2026-06-02 09:25:54,900 INFO __main__ [Pipeline] Finished alert 1780287404.22676 \u2192 stage=dropped
2026-06-02 09:25:54,901 INFO __main__ [Pipeline] Finished alert 1780287404.10905 \u2192 stage=dropped
2026-06-02 09:25:54,901 INFO __main__ [Pipeline] Finished alert 1780287404.16312 \u2192 stage=dropped
2026-06-02 09:25:54,902 INFO __main__ [Pipeline] Finished alert 1780287405.65277 \u2192 stage=dropped
2026-06-02 09:25:54,902 INFO __main__ [Pipeline] Finished alert 1780287405.61943 \u2192 stage=dropped
2026-06-02 09:25:54,905 INFO __main__ [Pipeline] Finished alert 1780287405.58601 \u2192 stage=dropped
2026-06-02 09:25:54,914 INFO __main__ [Pipeline] Finished alert 1780287404.241 \u2192 stage=dropped
2026-06-02 09:25:54,918 INFO __main__ [Pipeline] Finished alert 1780287404.0 \u2192 stage=dropped
2026-06-02 09:25:54,919 INFO __main__ [Pipeline] Finished alert 1780287404.5485 \u2192 stage=dropped
2026-06-02 09:25:54,919 INFO __main__ [Pipeline] Finished alert 1780287405.54240 \u2192 stage=dropped
2026-06-02 09:25:56,491 INFO openai._base_client Retrying request to /chat/completions in 0.425680 seconds
2026-06-02 09:25:57,047 INFO openai._base_client Retrying request to /chat/completions in 0.947597 seconds
2026-06-02 09:25:58,255 ERROR agents.playbook_gen_agent [PlaybookGen] LLM/parse failed (APIConnectionError: Connection error.) — falling back to contextual playbook
2026-06-02 09:25:58,256 INFO agents.playbook_gen_agent [PlaybookGen] Done — confidence=0.70 steps=4 irreversible=False
2026-06-02 09:25:58,355 INFO agents.supervisor [Supervisor] route_after_playbook: confidence=0.70 severity=LOW irreversible=False
2026-06-02 09:25:58,387 INFO agents.hitl_agent [HITL] Requesting human review — alert=1780372660.0 reason='Low confidence (70%)'
2026-06-02 09:25:58,434 INFO infrastructure.postgres_client HITL review stored: 710ae83f-17f3-4331-8f95-0a6183c66965 (alert=1780372660.0)
2026-06-02 09:25:58,436 INFO agents.hitl_agent [HITL] [Electron IPC stub] Pushing review 710ae83f-17f3-4331-8f95-0a6183c66965 to desktop app (alert=1780372660.0 severity=LOW)
2026-06-02 09:25:58,441 INFO agents.hitl_agent [HITL] Parked alert 1780372660.0 (review=710ae83f-17f3-4331-8f95-0a6183c66965) — consumer freed
2026-06-02 09:25:58,509 INFO agents.supervisor [Supervisor] route_after_hitl: parked \u2192 ending graph
2026-06-02 09:25:58,663 INFO __main__ [Pipeline] Finished alert 1780372660.0 \u2192 stage=hitl_pending
2026-06-02 09:25:59,002 ERROR agents.hitl_agent [HITL] Resume task failed for alert 1780372660.0: 'Connection' object has no attribute 'wait_for_notification'
%5|1780374509.025|REQTMOUT|rdkafka#producer-1| [thrd:localhost:9092/1]: localhost:9092/1: Timed out MetadataRequest in flight (after 60674ms, timeout #0)
%4|1780374509.123|REQTMOUT|rdkafka#producer-1| [thrd:localhost:9092/1]: localhost:9092/1: Timed out 1 in-flight, 0 retry-queued, 0 out-queue, 0 partially-sent requests
%5|1780374817.480|REQTMOUT|rdkafka#consumer-4| [thrd:localhost:9092/bootstrap]: localhost:9092/bootstrap: Timed out ApiVersionRequest in flight (after 10124ms, timeout #0)
%4|1780374817.721|FAIL|rdkafka#consumer-4| [thrd:localhost:9092/bootstrap]: localhost:9092/bootstrap: ApiVersionRequest failed: Local: Timed out: probably due to broker version < 0.10 (see api.version.request configuration) (after 10364ms in state APIVERSION_QUERY)
%4|1780374817.724|REQTMOUT|rdkafka#consumer-4| [thrd:localhost:9092/bootstrap]: localhost:9092/bootstrap: Timed out 1 in-flight, 0 retry-queued, 0 out-queue, 0 partially-sent requests
%5|1780374817.889|REQTMOUT|rdkafka#consumer-2| [thrd:localhost:9092/bootstrap]: localhost:9092/bootstrap: Timed out ApiVersionRequest in flight (after 10114ms, timeout #0)
%5|1780374817.905|REQTMOUT|rdkafka#consumer-7| [thrd:localhost:9092/bootstrap]: localhost:9092/bootstrap: Timed out ApiVersionRequest in flight (after 10115ms, timeout #0)
%4|1780374818.323|FAIL|rdkafka#consumer-2| [thrd:localhost:9092/bootstrap]: localhost:9092/bootstrap: ApiVersionRequest failed: Local: Timed out: probably due to broker version < 0.10 (see api.version.request configuration) (after 10549ms in state APIVERSION_QUERY)
%4|1780374818.578|FAIL|rdkafka#consumer-7| [thrd:localhost:9092/bootstrap]: localhost:9092/bootstrap: ApiVersionRequest failed: Local: Timed out: probably due to broker version < 0.10 (see api.version.request configuration) (after 10788ms in state APIVERSION_QUERY)
%4|1780374818.642|REQTMOUT|rdkafka#consumer-2| [thrd:localhost:9092/bootstrap]: localhost:9092/bootstrap: Timed out 1 in-flight, 0 retry-queued, 0 out-queue, 0 partially-sent requests
%4|1780374818.823|REQTMOUT|rdkafka#consumer-7| [thrd:localhost:9092/bootstrap]: localhost:9092/bootstrap: Timed out 1 in-flight, 0 retry-queued, 0 out-queue, 0 partially-sent requests
%5|1780374828.264|REQTMOUT|rdkafka#consumer-4| [thrd:localhost:9092/bootstrap]: localhost:9092/bootstrap: Timed out ApiVersionRequest in flight (after 10107ms, timeout #0)
%4|1780374828.267|FAIL|rdkafka#consumer-4| [thrd:localhost:9092/bootstrap]: localhost:9092/bootstrap: ApiVersionRequest failed: Local: Timed out: probably due to broker version < 0.10 (see api.version.request configuration) (after 10111ms in state APIVERSION_QUERY, 1 identical error(s) suppressed)
%4|1780374828.268|REQTMOUT|rdkafka#consumer-4| [thrd:localhost:9092/bootstrap]: localhost:9092/bootstrap: Timed out 1 in-flight, 0 retry-queued, 0 out-queue, 0 partially-sent requests
%5|1780374828.949|REQTMOUT|rdkafka#consumer-2| [thrd:localhost:9092/bootstrap]: localhost:9092/bootstrap: Timed out ApiVersionRequest in flight (after 10085ms, timeout #0)
%4|1780374829.156|FAIL|rdkafka#consumer-2| [thrd:localhost:9092/bootstrap]: localhost:9092/bootstrap: ApiVersionRequest failed: Local: Timed out: probably due to broker version < 0.10 (see api.version.request configuration) (after 10292ms in state APIVERSION_QUERY, 1 identical error(s) suppressed)
%4|1780374829.162|REQTMOUT|rdkafka#consumer-2| [thrd:localhost:9092/bootstrap]: localhost:9092/bootstrap: Timed out 1 in-flight, 0 retry-queued, 0 out-queue, 0 partially-sent requests
%5|1780374838.462|REQTMOUT|rdkafka#consumer-4| [thrd:localhost:9092/bootstrap]: localhost:9092/bootstrap: Timed out ApiVersionRequest in flight (after 10119ms, timeout #0)
%4|1780374838.475|REQTMOUT|rdkafka#consumer-4| [thrd:localhost:9092/bootstrap]: localhost:9092/bootstrap: Timed out 1 in-flight, 0 retry-queued, 0 out-queue, 0 partially-sent requests
%4|1780374865.278|SESSTMOUT|rdkafka#consumer-12| [thrd:main]: Consumer group session timed out (in join-state steady) after 60050 ms without a successful response from the group coordinator (broker -1, last error was Success): revoking assignment and rejoining group
%4|1780374865.308|SESSTMOUT|rdkafka#consumer-4| [thrd:main]: Consumer group session timed out (in join-state steady) after 60081 ms without a successful response from the group coordinator (broker -1, last error was Success): revoking assignment and rejoining group
%4|1780374865.324|SESSTMOUT|rdkafka#consumer-5| [thrd:main]: Consumer group session timed out (in join-state steady) after 60097 ms without a successful response from the group coordinator (broker -1, last error was Success): revoking assignment and rejoining group
%4|1780374865.324|SESSTMOUT|rdkafka#consumer-6| [thrd:main]: Consumer group session timed out (in join-state steady) after 60021 ms without a successful response from the group coordinator (broker -1, last error was Success): revoking assignment and rejoining group
%4|1780374865.431|SESSTMOUT|rdkafka#consumer-15| [thrd:main]: Consumer group session timed out (in join-state steady) after 60205 ms without a successful response from the group coordinator (broker -1, last error was Success): revoking assignment and rejoining group
%4|1780374865.442|SESSTMOUT|rdkafka#consumer-7| [thrd:main]: Consumer group session timed out (in join-state steady) after 60039 ms without a successful response from the group coordinator (broker -1, last error was Success): revoking assignment and rejoining group
%4|1780374865.446|SESSTMOUT|rdkafka#consumer-16| [thrd:main]: Consumer group session timed out (in join-state steady) after 60219 ms without a successful response from the group coordinator (broker -1, last error was Success): revoking assignment and rejoining group
%4|1780374865.447|SESSTMOUT|rdkafka#consumer-11| [thrd:main]: Consumer group session timed out (in join-state steady) after 60220 ms without a successful response from the group coordinator (broker -1, last error was Success): revoking assignment and rejoining group
%4|1780374865.539|SESSTMOUT|rdkafka#consumer-2| [thrd:main]: Consumer group session timed out (in join-state steady) after 60236 ms without a successful response from the group coordinator (broker -1, last error was Success): revoking assignment and rejoining group
%4|1780374865.617|SESSTMOUT|rdkafka#consumer-3| [thrd:main]: Consumer group session timed out (in join-state steady) after 60390 ms without a successful response from the group coordinator (broker -1, last error was Success): revoking assignment and rejoining group
%4|1780374865.663|SESSTMOUT|rdkafka#consumer-17| [thrd:main]: Consumer group session timed out (in join-state steady) after 60261 ms without a successful response from the group coordinator (broker -1, last error was Success): revoking assignment and rejoining group
%4|1780374865.772|SESSTMOUT|rdkafka#consumer-13| [thrd:main]: Consumer group session timed out (in join-state steady) after 60369 ms without a successful response from the group coordinator (broker -1, last error was Success): revoking assignment and rejoining group
%4|1780374865.929|SESSTMOUT|rdkafka#consumer-8| [thrd:main]: Consumer group session timed out (in join-state steady) after 60355 ms without a successful response from the group coordinator (broker -1, last error was Success): revoking assignment and rejoining group
%4|1780374867.899|SESSTMOUT|rdkafka#consumer-10| [thrd:main]: Consumer group session timed out (in join-state steady) after 60032 ms without a successful response from the group coordinator (broker -1, last error was Success): revoking assignment and rejoining group
%4|1780374867.990|SESSTMOUT|rdkafka#consumer-14| [thrd:main]: Consumer group session timed out (in join-state steady) after 60323 ms without a successful response from the group coordinator (broker -1, last error was Success): revoking assignment and rejoining group
%4|1780374867.990|SESSTMOUT|rdkafka#consumer-9| [thrd:main]: Consumer group session timed out (in join-state steady) after 60220 ms without a successful response from the group coordinator (broker -1, last error was Success): revoking assignment and rejoining group
%5|1780375959.747|REQTMOUT|rdkafka#producer-1| [thrd:localhost:9092/bootstrap]: localhost:9092/bootstrap: Timed out ApiVersionRequest in flight (after 10105ms, timeout #0)
%4|1780375960.665|FAIL|rdkafka#producer-1| [thrd:localhost:9092/bootstrap]: localhost:9092/bootstrap: ApiVersionRequest failed: Local: Timed out: probably due to broker version < 0.10 (see api.version.request configuration) (after 11024ms in state APIVERSION_QUERY)
%4|1780375961.088|REQTMOUT|rdkafka#producer-1| [thrd:localhost:9092/bootstrap]: localhost:9092/bootstrap: Timed out 1 in-flight, 0 retry-queued, 0 out-queue, 0 partially-sent requests
%5|1780375965.930|REQTMOUT|rdkafka#consumer-8| [thrd:GroupCoordinator]: GroupCoordinator/1: Timed out SyncGroupRequest in flight (after 60595ms, timeout #0)
%4|1780375966.808|REQTMOUT|rdkafka#consumer-8| [thrd:GroupCoordinator]: GroupCoordinator/1: Timed out 1 in-flight, 0 retry-queued, 0 out-queue, 0 partially-sent requests
%4|1780375968.810|REQTMOUT|rdkafka#consumer-9| [thrd:GroupCoordinator]: GroupCoordinator: Timed out 0 in-flight, 0 retry-queued, 1 out-queue, 0 partially-sent requests
%5|1780375968.949|REQTMOUT|rdkafka#consumer-8| [thrd:GroupCoordinator]: GroupCoordinator/1: Timed out SyncGroupRequest in flight (after 1002ms, timeout #0)
%4|1780375969.692|REQTMOUT|rdkafka#consumer-8| [thrd:GroupCoordinator]: GroupCoordinator/1: Timed out 1 in-flight, 0 retry-queued, 0 out-queue, 0 partially-sent requests
%5|1780375971.871|REQTMOUT|rdkafka#producer-1| [thrd:localhost:9092/bootstrap]: localhost:9092/bootstrap: Timed out ApiVersionRequest in flight (after 10111ms, timeout #0)
%4|1780375972.033|FAIL|rdkafka#producer-1| [thrd:localhost:9092/bootstrap]: localhost:9092/bootstrap: ApiVersionRequest failed: Local: Timed out: probably due to broker version < 0.10 (see api.version.request configuration) (after 10273ms in state APIVERSION_QUERY, 1 identical error(s) suppressed)
%4|1780375972.295|REQTMOUT|rdkafka#producer-1| [thrd:localhost:9092/bootstrap]: localhost:9092/bootstrap: Timed out 1 in-flight, 0 retry-queued, 0 out-queue, 0 partially-sent requests
%5|1780375972.852|REQTMOUT|rdkafka#consumer-9| [thrd:localhost:9092/bootstrap]: localhost:9092/bootstrap: Timed out ApiVersionRequest in flight (after 10100ms, timeout #0)
%4|1780375973.720|FAIL|rdkafka#consumer-9| [thrd:localhost:9092/bootstrap]: localhost:9092/bootstrap: ApiVersionRequest failed: Local: Timed out: probably due to broker version < 0.10 (see api.version.request configuration) (after 10968ms in state APIVERSION_QUERY)
%4|1780375974.261|REQTMOUT|rdkafka#consumer-9| [thrd:localhost:9092/bootstrap]: localhost:9092/bootstrap: Timed out 1 in-flight, 0 retry-queued, 0 out-queue, 0 partially-sent requests
%5|1780375979.816|REQTMOUT|rdkafka#consumer-8| [thrd:GroupCoordinator]: GroupCoordinator/1: Timed out ApiVersionRequest in flight (after 10114ms, timeout #0)
%4|1780375980.073|FAIL|rdkafka#consumer-8| [thrd:GroupCoordinator]: GroupCoordinator: localhost:9092: ApiVersionRequest failed: Local: Timed out: probably due to broker version < 0.10 (see api.version.request configuration) (after 10372ms in state APIVERSION_QUERY)
%4|1780375980.074|REQTMOUT|rdkafka#consumer-8| [thrd:GroupCoordinator]: GroupCoordinator/1: Timed out 1 in-flight, 0 retry-queued, 0 out-queue, 0 partially-sent requests
%5|1780375982.997|REQTMOUT|rdkafka#producer-1| [thrd:localhost:9092/bootstrap]: localhost:9092/bootstrap: Timed out ApiVersionRequest in flight (after 10098ms, timeout #0)
%4|1780375982.998|REQTMOUT|rdkafka#producer-1| [thrd:localhost:9092/bootstrap]: localhost:9092/bootstrap: Timed out 1 in-flight, 0 retry-queued, 0 out-queue, 0 partially-sent requests
%5|1780375984.972|REQTMOUT|rdkafka#consumer-9| [thrd:localhost:9092/bootstrap]: localhost:9092/bootstrap: Timed out ApiVersionRequest in flight (after 10095ms, timeout #0)
%4|1780375984.972|FAIL|rdkafka#consumer-9| [thrd:localhost:9092/bootstrap]: localhost:9092/bootstrap: ApiVersionRequest failed: Local: Timed out: probably due to broker version < 0.10 (see api.version.request configuration) (after 10095ms in state APIVERSION_QUERY, 1 identical error(s) suppressed)
%4|1780375984.972|REQTMOUT|rdkafka#consumer-9| [thrd:localhost:9092/bootstrap]: localhost:9092/bootstrap: Timed out 1 in-flight, 0 retry-queued, 0 out-queue, 0 partially-sent requests
%5|1780375990.170|REQTMOUT|rdkafka#consumer-8| [thrd:GroupCoordinator]: GroupCoordinator/1: Timed out ApiVersionRequest in flight (after 10090ms, timeout #0)
%4|1780375990.170|FAIL|rdkafka#consumer-8| [thrd:GroupCoordinator]: GroupCoordinator: localhost:9092: ApiVersionRequest failed: Local: Timed out: probably due to broker version < 0.10 (see api.version.request configuration) (after 10090ms in state APIVERSION_QUERY, 1 identical error(s) suppressed)
%4|1780375990.170|REQTMOUT|rdkafka#consumer-8| [thrd:GroupCoordinator]: GroupCoordinator/1: Timed out 1 in-flight, 0 retry-queued, 0 out-queue, 0 partially-sent requests
%5|1780375993.146|REQTMOUT|rdkafka#producer-1| [thrd:localhost:9092/bootstrap]: localhost:9092/bootstrap: Timed out ApiVersionRequest in flight (after 10100ms, timeout #0)
%4|1780375993.146|REQTMOUT|rdkafka#producer-1| [thrd:localhost:9092/bootstrap]: localhost:9092/bootstrap: Timed out 1 in-flight, 0 retry-queued, 0 out-queue, 0 partially-sent requests
%5|1780375995.110|REQTMOUT|rdkafka#consumer-9| [thrd:localhost:9092/bootstrap]: localhost:9092/bootstrap: Timed out ApiVersionRequest in flight (after 10105ms, timeout #0)
%4|1780375995.111|REQTMOUT|rdkafka#consumer-9| [thrd:localhost:9092/bootstrap]: localhost:9092/bootstrap: Timed out 1 in-flight, 0 retry-queued, 0 out-queue, 0 partially-sent requests
%5|1780376000.445|REQTMOUT|rdkafka#consumer-8| [thrd:GroupCoordinator]: GroupCoordinator/1: Timed out ApiVersionRequest in flight (after 10100ms, timeout #0)
%4|1780376000.445|REQTMOUT|rdkafka#consumer-8| [thrd:GroupCoordinator]: GroupCoordinator/1: Timed out 1 in-flight, 0 retry-queued, 0 out-queue, 0 partially-sent requests
%5|1780376003.323|REQTMOUT|rdkafka#producer-1| [thrd:localhost:9092/bootstrap]: localhost:9092/bootstrap: Timed out ApiVersionRequest in flight (after 10113ms, timeout #0)
%4|1780376003.323|FAIL|rdkafka#producer-1| [thrd:localhost:9092/bootstrap]: localhost:9092/bootstrap: ApiVersionRequest failed: Local: Timed out: probably due to broker version < 0.10 (see api.version.request configuration) (after 10114ms in state APIVERSION_QUERY, 3 identical error(s) suppressed)
%4|1780376003.323|REQTMOUT|rdkafka#producer-1| [thrd:localhost:9092/bootstrap]: localhost:9092/bootstrap: Timed out 1 in-flight, 0 retry-queued, 0 out-queue, 0 partially-sent requests
%5|1780376005.269|REQTMOUT|rdkafka#consumer-9| [thrd:localhost:9092/bootstrap]: localhost:9092/bootstrap: Timed out ApiVersionRequest in flight (after 10112ms, timeout #0)
%4|1780376005.269|REQTMOUT|rdkafka#consumer-9| [thrd:localhost:9092/bootstrap]: localhost:9092/bootstrap: Timed out 1 in-flight, 0 retry-queued, 0 out-queue, 0 partially-sent requests
%5|1780376010.552|REQTMOUT|rdkafka#consumer-8| [thrd:GroupCoordinator]: GroupCoordinator/1: Timed out ApiVersionRequest in flight (after 10106ms, timeout #0)
%4|1780376010.552|REQTMOUT|rdkafka#consumer-8| [thrd:GroupCoordinator]: GroupCoordinator/1: Timed out 1 in-flight, 0 retry-queued, 0 out-queue, 0 partially-sent requests
%5|1780376014.303|REQTMOUT|rdkafka#producer-1| [thrd:localhost:9092/bootstrap]: localhost:9092/bootstrap: Timed out ApiVersionRequest in flight (after 10090ms, timeout #0)
%4|1780376014.304|REQTMOUT|rdkafka#producer-1| [thrd:localhost:9092/bootstrap]: localhost:9092/bootstrap: Timed out 1 in-flight, 0 retry-queued, 0 out-queue, 0 partially-sent requests
%5|1780376015.393|REQTMOUT|rdkafka#consumer-9| [thrd:localhost:9092/bootstrap]: localhost:9092/bootstrap: Timed out ApiVersionRequest in flight (after 10090ms, timeout #0)
%4|1780376015.393|FAIL|rdkafka#consumer-9| [thrd:localhost:9092/bootstrap]: localhost:9092/bootstrap: ApiVersionRequest failed: Local: Timed out: probably due to broker version < 0.10 (see api.version.request configuration) (after 10091ms in state APIVERSION_QUERY, 3 identical error(s) suppressed)
%4|1780376015.394|REQTMOUT|rdkafka#consumer-9| [thrd:localhost:9092/bootstrap]: localhost:9092/bootstrap: Timed out 1 in-flight, 0 retry-queued, 0 out-queue, 0 partially-sent requests
%5|1780376022.204|REQTMOUT|rdkafka#consumer-2| [thrd:localhost:9092/1]: localhost:9092/1: Timed out MetadataRequest in flight (after 60598ms, timeout #0)
%4|1780376022.250|REQTMOUT|rdkafka#consumer-2| [thrd:localhost:9092/1]: localhost:9092/1: Timed out 1 in-flight, 0 retry-queued, 0 out-queue, 0 partially-sent requests
%5|1780376022.624|REQTMOUT|rdkafka#consumer-4| [thrd:localhost:9092/1]: localhost:9092/1: Timed out MetadataRequest in flight (after 60632ms, timeout #0)
%4|1780376022.625|REQTMOUT|rdkafka#consumer-4| [thrd:localhost:9092/1]: localhost:9092/1: Timed out 1 in-flight, 0 retry-queued, 0 out-queue, 0 partially-sent requests
%5|1780376022.671|REQTMOUT|rdkafka#consumer-8| [thrd:localhost:9092/1]: localhost:9092/1: Timed out MetadataRequest in flight (after 60240ms, timeout #0)
%4|1780376022.671|REQTMOUT|rdkafka#consumer-8| [thrd:localhost:9092/1]: localhost:9092/1: Timed out 1 in-flight, 0 retry-queued, 0 out-queue, 0 partially-sent requests
%5|1780376022.922|REQTMOUT|rdkafka#consumer-8| [thrd:GroupCoordinator]: GroupCoordinator/1: Timed out ApiVersionRequest in flight (after 10092ms, timeout #0)
%4|1780376022.922|FAIL|rdkafka#consumer-8| [thrd:GroupCoordinator]: GroupCoordinator: localhost:9092: ApiVersionRequest failed: Local: Timed out: probably due to broker version < 0.10 (see api.version.request configuration) (after 10092ms in state APIVERSION_QUERY, 3 identical error(s) suppressed)
%4|1780376022.922|REQTMOUT|rdkafka#consumer-8| [thrd:GroupCoordinator]: GroupCoordinator/1: Timed out 1 in-flight, 0 retry-queued, 0 out-queue, 0 partially-sent requests
%5|1780376024.497|REQTMOUT|rdkafka#producer-1| [thrd:localhost:9092/bootstrap]: localhost:9092/bootstrap: Timed out ApiVersionRequest in flight (after 10129ms, timeout #0)
%4|1780376024.497|REQTMOUT|rdkafka#producer-1| [thrd:localhost:9092/bootstrap]: localhost:9092/bootstrap: Timed out 1 in-flight, 0 retry-queued, 0 out-queue, 0 partially-sent requests
%5|1780376025.573|REQTMOUT|rdkafka#consumer-9| [thrd:localhost:9092/bootstrap]: localhost:9092/bootstrap: Timed out ApiVersionRequest in flight (after 10130ms, timeout #0)
%4|1780376025.573|REQTMOUT|rdkafka#consumer-9| [thrd:localhost:9092/bootstrap]: localhost:9092/bootstrap: Timed out 1 in-flight, 0 retry-queued, 0 out-queue, 0 partially-sent requests
%5|1780376032.830|REQTMOUT|rdkafka#consumer-8| [thrd:localhost:9092/1]: localhost:9092/1: Timed out ApiVersionRequest in flight (after 10093ms, timeout #0)
%4|1780376032.830|FAIL|rdkafka#consumer-8| [thrd:localhost:9092/1]: localhost:9092/1: ApiVersionRequest failed: Local: Timed out: probably due to broker version < 0.10 (see api.version.request configuration) (after 10094ms in state APIVERSION_QUERY)
%4|1780376032.830|REQTMOUT|rdkafka#consumer-8| [thrd:localhost:9092/1]: localhost:9092/1: Timed out 1 in-flight, 0 retry-queued, 0 out-queue, 0 partially-sent requests
%5|1780376033.016|REQTMOUT|rdkafka#consumer-8| [thrd:GroupCoordinator]: GroupCoordinator/1: Timed out ApiVersionRequest in flight (after 10092ms, timeout #0)
%4|1780376033.017|REQTMOUT|rdkafka#consumer-8| [thrd:GroupCoordinator]: GroupCoordinator/1: Timed out 1 in-flight, 0 retry-queued, 0 out-queue, 0 partially-sent requests
%5|1780376033.371|REQTMOUT|rdkafka#consumer-2| [thrd:localhost:9092/1]: localhost:9092/1: Timed out ApiVersionRequest in flight (after 10104ms, timeout #0)
%4|1780376033.371|FAIL|rdkafka#consumer-2| [thrd:localhost:9092/1]: localhost:9092/1: ApiVersionRequest failed: Local: Timed out: probably due to broker version < 0.10 (see api.version.request configuration) (after 10105ms in state APIVERSION_QUERY)
%4|1780376033.372|REQTMOUT|rdkafka#consumer-2| [thrd:localhost:9092/1]: localhost:9092/1: Timed out 1 in-flight, 0 retry-queued, 0 out-queue, 0 partially-sent requests
%5|1780376033.747|REQTMOUT|rdkafka#consumer-4| [thrd:localhost:9092/1]: localhost:9092/1: Timed out ApiVersionRequest in flight (after 10106ms, timeout #0)
%4|1780376033.747|FAIL|rdkafka#consumer-4| [thrd:localhost:9092/1]: localhost:9092/1: ApiVersionRequest failed: Local: Timed out: probably due to broker version < 0.10 (see api.version.request configuration) (after 10107ms in state APIVERSION_QUERY)
%4|1780376033.748|REQTMOUT|rdkafka#consumer-4| [thrd:localhost:9092/1]: localhost:9092/1: Timed out 1 in-flight, 0 retry-queued, 0 out-queue, 0 partially-sent requests
%5|1780376034.667|REQTMOUT|rdkafka#producer-1| [thrd:localhost:9092/bootstrap]: localhost:9092/bootstrap: Timed out ApiVersionRequest in flight (after 10105ms, timeout #0)
%4|1780376034.667|FAIL|rdkafka#producer-1| [thrd:localhost:9092/bootstrap]: localhost:9092/bootstrap: ApiVersionRequest failed: Local: Timed out: probably due to broker version < 0.10 (see api.version.request configuration) (after 10106ms in state APIVERSION_QUERY, 3 identical error(s) suppressed)
%4|1780376034.667|REQTMOUT|rdkafka#producer-1| [thrd:localhost:9092/bootstrap]: localhost:9092/bootstrap: Timed out 1 in-flight, 0 retry-queued, 0 out-queue, 0 partially-sent requests
%5|1780376035.708|REQTMOUT|rdkafka#consumer-9| [thrd:localhost:9092/bootstrap]: localhost:9092/bootstrap: Timed out ApiVersionRequest in flight (after 10102ms, timeout #0)
%4|1780376035.708|REQTMOUT|rdkafka#consumer-9| [thrd:localhost:9092/bootstrap]: localhost:9092/bootstrap: Timed out 1 in-flight, 0 retry-queued, 0 out-queue, 0 partially-sent requests
%5|1780376039.559|REQTMOUT|rdkafka#consumer-7| [thrd:localhost:9092/bootstrap]: localhost:9092/bootstrap: Timed out MetadataRequest in flight (after 60625ms, timeout #0)
%4|1780376039.559|REQTMOUT|rdkafka#consumer-7| [thrd:localhost:9092/bootstrap]: localhost:9092/bootstrap: Timed out 1 in-flight, 0 retry-queued, 0 out-queue, 0 partially-sent requests
%5|1780376042.941|REQTMOUT|rdkafka#consumer-8| [thrd:localhost:9092/1]: localhost:9092/1: Timed out ApiVersionRequest in flight (after 10108ms, timeout #0)
%4|1780376042.941|FAIL|rdkafka#consumer-8| [thrd:localhost:9092/1]: localhost:9092/1: ApiVersionRequest failed: Local: Timed out: probably due to broker version < 0.10 (see api.version.request configuration) (after 10109ms in state APIVERSION_QUERY, 1 identical error(s) suppressed)
%4|1780376042.941|REQTMOUT|rdkafka#consumer-8| [thrd:localhost:9092/1]: localhost:9092/1: Timed out 1 in-flight, 0 retry-queued, 0 out-queue, 0 partially-sent requests
%5|1780376042.971|REQTMOUT|rdkafka#consumer-8| [thrd:localhost:9092/bootstrap]: localhost:9092/bootstrap: Timed out ApiVersionRequest in flight (after 10093ms, timeout #0)
%4|1780376042.971|FAIL|rdkafka#consumer-8| [thrd:localhost:9092/bootstrap]: localhost:9092/bootstrap: ApiVersionRequest failed: Local: Timed out: probably due to broker version < 0.10 (see api.version.request configuration) (after 10094ms in state APIVERSION_QUERY)
%4|1780376042.972|REQTMOUT|rdkafka#consumer-8| [thrd:localhost:9092/bootstrap]: localhost:9092/bootstrap: Timed out 1 in-flight, 0 retry-queued, 0 out-queue, 0 partially-sent requests
%5|1780376043.483|REQTMOUT|rdkafka#consumer-2| [thrd:localhost:9092/1]: localhost:9092/1: Timed out ApiVersionRequest in flight (after 10109ms, timeout #0)
%4|1780376043.483|FAIL|rdkafka#consumer-2| [thrd:localhost:9092/1]: localhost:9092/1: ApiVersionRequest failed: Local: Timed out: probably due to broker version < 0.10 (see api.version.request configuration) (after 10109ms in state APIVERSION_QUERY, 1 identical error(s) suppressed)
%4|1780376043.483|REQTMOUT|rdkafka#consumer-2| [thrd:localhost:9092/1]: localhost:9092/1: Timed out 1 in-flight, 0 retry-queued, 0 out-queue, 0 partially-sent requests
%5|1780376043.499|REQTMOUT|rdkafka#consumer-2| [thrd:localhost:9092/bootstrap]: localhost:9092/bootstrap: Timed out ApiVersionRequest in flight (after 10109ms, timeout #0)
%4|1780376043.499|FAIL|rdkafka#consumer-2| [thrd:localhost:9092/bootstrap]: localhost:9092/bootstrap: ApiVersionRequest failed: Local: Timed out: probably due to broker version < 0.10 (see api.version.request configuration) (after 10110ms in state APIVERSION_QUERY)
%4|1780376043.499|REQTMOUT|rdkafka#consumer-2| [thrd:localhost:9092/bootstrap]: localhost:9092/bootstrap: Timed out 1 in-flight, 0 retry-queued, 0 out-queue, 0 partially-sent requests
%5|1780376043.856|REQTMOUT|rdkafka#consumer-4| [thrd:localhost:9092/bootstrap]: localhost:9092/bootstrap: Timed out ApiVersionRequest in flight (after 10106ms, timeout #0)
%5|1780376043.856|REQTMOUT|rdkafka#consumer-4| [thrd:localhost:9092/1]: localhost:9092/1: Timed out ApiVersionRequest in flight (after 10106ms, timeout #0)
%4|1780376043.856|FAIL|rdkafka#consumer-4| [thrd:localhost:9092/bootstrap]: localhost:9092/bootstrap: ApiVersionRequest failed: Local: Timed out: probably due to broker version < 0.10 (see api.version.request configuration) (after 10106ms in state APIVERSION_QUERY)
%4|1780376043.856|FAIL|rdkafka#consumer-4| [thrd:localhost:9092/1]: localhost:9092/1: ApiVersionRequest failed: Local: Timed out: probably due to broker version < 0.10 (see api.version.request configuration) (after 10106ms in state APIVERSION_QUERY, 1 identical error(s) suppressed)
%4|1780376043.856|REQTMOUT|rdkafka#consumer-4| [thrd:localhost:9092/bootstrap]: localhost:9092/bootstrap: Timed out 1 in-flight, 0 retry-queued, 0 out-queue, 0 partially-sent requests
%4|1780376043.856|REQTMOUT|rdkafka#consumer-4| [thrd:localhost:9092/1]: localhost:9092/1: Timed out 1 in-flight, 0 retry-queued, 0 out-queue, 0 partially-sent requests
%5|1780376045.661|REQTMOUT|rdkafka#producer-1| [thrd:localhost:9092/bootstrap]: localhost:9092/bootstrap: Timed out ApiVersionRequest in flight (after 10106ms, timeout #0)
%4|1780376045.663|REQTMOUT|rdkafka#producer-1| [thrd:localhost:9092/bootstrap]: localhost:9092/bootstrap: Timed out 1 in-flight, 0 retry-queued, 0 out-queue, 0 partially-sent requests
%5|1780376045.847|REQTMOUT|rdkafka#consumer-9| [thrd:localhost:9092/bootstrap]: localhost:9092/bootstrap: Timed out ApiVersionRequest in flight (after 10107ms, timeout #0)
%4|1780376045.847|FAIL|rdkafka#consumer-9| [thrd:localhost:9092/bootstrap]: localhost:9092/bootstrap: ApiVersionRequest failed: Local: Timed out: probably due to broker version < 0.10 (see api.version.request configuration) (after 10108ms in state APIVERSION_QUERY, 3 identical error(s) suppressed)
%4|1780376045.848|REQTMOUT|rdkafka#consumer-9| [thrd:localhost:9092/bootstrap]: localhost:9092/bootstrap: Timed out 1 in-flight, 0 retry-queued, 0 out-queue, 0 partially-sent requests
%5|1780376049.675|REQTMOUT|rdkafka#consumer-7| [thrd:localhost:9092/bootstrap]: localhost:9092/bootstrap: Timed out ApiVersionRequest in flight (after 10113ms, timeout #0)
%4|1780376049.675|FAIL|rdkafka#consumer-7| [thrd:localhost:9092/bootstrap]: localhost:9092/bootstrap: ApiVersionRequest failed: Local: Timed out: probably due to broker version < 0.10 (see api.version.request configuration) (after 10114ms in state APIVERSION_QUERY)
%4|1780376049.675|REQTMOUT|rdkafka#consumer-7| [thrd:localhost:9092/bootstrap]: localhost:9092/bootstrap: Timed out 1 in-flight, 0 retry-queued, 0 out-queue, 0 partially-sent requests
%5|1780376053.136|REQTMOUT|rdkafka#consumer-8| [thrd:GroupCoordinator]: GroupCoordinator/1: Timed out ApiVersionRequest in flight (after 10116ms, timeout #0)
%4|1780376053.136|FAIL|rdkafka#consumer-8| [thrd:GroupCoordinator]: GroupCoordinator: localhost:9092: ApiVersionRequest failed: Local: Timed out: probably due to broker version < 0.10 (see api.version.request configuration) (after 10116ms in state APIVERSION_QUERY, 2 identical error(s) suppressed)
%4|1780376053.137|REQTMOUT|rdkafka#consumer-8| [thrd:GroupCoordinator]: GroupCoordinator/1: Timed out 1 in-flight, 0 retry-queued, 0 out-queue, 0 partially-sent requests
%5|1780376053.151|REQTMOUT|rdkafka#consumer-8| [thrd:localhost:9092/bootstrap]: localhost:9092/bootstrap: Timed out ApiVersionRequest in flight (after 10116ms, timeout #0)
%4|1780376053.151|FAIL|rdkafka#consumer-8| [thrd:localhost:9092/bootstrap]: localhost:9092/bootstrap: ApiVersionRequest failed: Local: Timed out: probably due to broker version < 0.10 (see api.version.request configuration) (after 10116ms in state APIVERSION_QUERY, 1 identical error(s) suppressed)
%4|1780376053.151|REQTMOUT|rdkafka#consumer-8| [thrd:localhost:9092/bootstrap]: localhost:9092/bootstrap: Timed out 1 in-flight, 0 retry-queued, 0 out-queue, 0 partially-sent requests
%5|1780376053.463|REQTMOUT|rdkafka#consumer-8| [thrd:localhost:9092/1]: localhost:9092/1: Timed out ApiVersionRequest in flight (after 10101ms, timeout #0)
%4|1780376053.594|REQTMOUT|rdkafka#consumer-8| [thrd:localhost:9092/1]: localhost:9092/1: Timed out 1 in-flight, 0 retry-queued, 0 out-queue, 0 partially-sent requests
%5|1780376053.648|REQTMOUT|rdkafka#consumer-2| [thrd:localhost:9092/bootstrap]: localhost:9092/bootstrap: Timed out ApiVersionRequest in flight (after 10101ms, timeout #0)
%4|1780376053.648|FAIL|rdkafka#consumer-2| [thrd:localhost:9092/bootstrap]: localhost:9092/bootstrap: ApiVersionRequest failed: Local: Timed out: probably due to broker version < 0.10 (see api.version.request configuration) (after 10102ms in state APIVERSION_QUERY, 1 identical error(s) suppressed)
%4|1780376053.649|REQTMOUT|rdkafka#consumer-2| [thrd:localhost:9092/bootstrap]: localhost:9092/bootstrap: Timed out 1 in-flight, 0 retry-queued, 0 out-queue, 0 partially-sent requests
%5|1780376054.024|REQTMOUT|rdkafka#consumer-4| [thrd:localhost:9092/bootstrap]: localhost:9092/bootstrap: Timed out ApiVersionRequest in flight (after 10105ms, timeout #0)
%4|1780376054.024|FAIL|rdkafka#consumer-4| [thrd:localhost:9092/bootstrap]: localhost:9092/bootstrap: ApiVersionRequest failed: Local: Timed out: probably due to broker version < 0.10 (see api.version.request configuration) (after 10105ms in state APIVERSION_QUERY, 1 identical error(s) suppressed)
%4|1780376054.025|REQTMOUT|rdkafka#consumer-4| [thrd:localhost:9092/bootstrap]: localhost:9092/bootstrap: Timed out 1 in-flight, 0 retry-queued, 0 out-queue, 0 partially-sent requests
%5|1780376054.133|REQTMOUT|rdkafka#consumer-2| [thrd:localhost:9092/1]: localhost:9092/1: Timed out ApiVersionRequest in flight (after 10122ms, timeout #0)
%4|1780376054.133|REQTMOUT|rdkafka#consumer-2| [thrd:localhost:9092/1]: localhost:9092/1: Timed out 1 in-flight, 0 retry-queued, 0 out-queue, 0 partially-sent requests
%5|1780376054.537|REQTMOUT|rdkafka#consumer-4| [thrd:localhost:9092/1]: localhost:9092/1: Timed out ApiVersionRequest in flight (after 10106ms, timeout #0)
%4|1780376054.538|REQTMOUT|rdkafka#consumer-4| [thrd:localhost:9092/1]: localhost:9092/1: Timed out 1 in-flight, 0 retry-queued, 0 out-queue, 0 partially-sent requests
%5|1780376055.810|REQTMOUT|rdkafka#producer-1| [thrd:localhost:9092/bootstrap]: localhost:9092/bootstrap: Timed out ApiVersionRequest in flight (after 10083ms, timeout #0)
%4|1780376055.810|REQTMOUT|rdkafka#producer-1| [thrd:localhost:9092/bootstrap]: localhost:9092/bootstrap: Timed out 1 in-flight, 0 retry-queued, 0 out-queue, 0 partially-sent requests
%5|1780376055.998|REQTMOUT|rdkafka#consumer-9| [thrd:localhost:9092/bootstrap]: localhost:9092/bootstrap: Timed out ApiVersionRequest in flight (after 10104ms, timeout #0)
%4|1780376055.998|REQTMOUT|rdkafka#consumer-9| [thrd:localhost:9092/bootstrap]: localhost:9092/bootstrap: Timed out 1 in-flight, 0 retry-queued, 0 out-queue, 0 partially-sent requests
%5|1780376059.787|REQTMOUT|rdkafka#consumer-7| [thrd:localhost:9092/bootstrap]: localhost:9092/bootstrap: Timed out ApiVersionRequest in flight (after 10096ms, timeout #0)
%4|1780376059.787|FAIL|rdkafka#consumer-7| [thrd:localhost:9092/bootstrap]: localhost:9092/bootstrap: ApiVersionRequest failed: Local: Timed out: probably due to broker version < 0.10 (see api.version.request configuration) (after 10096ms in state APIVERSION_QUERY, 1 identical error(s) suppressed)
%4|1780376059.788|REQTMOUT|rdkafka#consumer-7| [thrd:localhost:9092/bootstrap]: localhost:9092/bootstrap: Timed out 1 in-flight, 0 retry-queued, 0 out-queue, 0 partially-sent requests
%5|1780376063.239|REQTMOUT|rdkafka#consumer-8| [thrd:GroupCoordinator]: GroupCoordinator/1: Timed out ApiVersionRequest in flight (after 10100ms, timeout #0)
%5|1780376063.270|REQTMOUT|rdkafka#consumer-8| [thrd:localhost:9092/bootstrap]: localhost:9092/bootstrap: Timed out ApiVersionRequest in flight (after 10102ms, timeout #0)
%4|1780376063.274|REQTMOUT|rdkafka#consumer-8| [thrd:GroupCoordinator]: GroupCoordinator/1: Timed out 1 in-flight, 0 retry-queued, 0 out-queue, 0 partially-sent requests
%4|1780376063.274|REQTMOUT|rdkafka#consumer-8| [thrd:localhost:9092/bootstrap]: localhost:9092/bootstrap: Timed out 1 in-flight, 0 retry-queued, 0 out-queue, 0 partially-sent requests
%5|1780376063.694|REQTMOUT|rdkafka#consumer-8| [thrd:localhost:9092/1]: localhost:9092/1: Timed out ApiVersionRequest in flight (after 10098ms, timeout #0)
%4|1780376063.694|REQTMOUT|rdkafka#consumer-8| [thrd:localhost:9092/1]: localhost:9092/1: Timed out 1 in-flight, 0 retry-queued, 0 out-queue, 0 partially-sent requests
%5|1780376064.226|REQTMOUT|rdkafka#consumer-2| [thrd:localhost:9092/1]: localhost:9092/1: Timed out ApiVersionRequest in flight (after 10091ms, timeout #0)
%5|1780376064.226|REQTMOUT|rdkafka#consumer-2| [thrd:localhost:9092/bootstrap]: localhost:9092/bootstrap: Timed out ApiVersionRequest in flight (after 10091ms, timeout #0)
%4|1780376064.226|REQTMOUT|rdkafka#consumer-2| [thrd:localhost:9092/1]: localhost:9092/1: Timed out 1 in-flight, 0 retry-queued, 0 out-queue, 0 partially-sent requests
%4|1780376064.226|REQTMOUT|rdkafka#consumer-2| [thrd:localhost:9092/bootstrap]: localhost:9092/bootstrap: Timed out 1 in-flight, 0 retry-queued, 0 out-queue, 0 partially-sent requests
%5|1780376064.475|REQTMOUT|rdkafka#consumer-4| [thrd:localhost:9092/bootstrap]: localhost:9092/bootstrap: Timed out ApiVersionRequest in flight (after 10107ms, timeout #0)
%4|1780376064.475|REQTMOUT|rdkafka#consumer-4| [thrd:localhost:9092/bootstrap]: localhost:9092/bootstrap: Timed out 1 in-flight, 0 retry-queued, 0 out-queue, 0 partially-sent requests
%5|1780376064.646|REQTMOUT|rdkafka#consumer-4| [thrd:localhost:9092/1]: localhost:9092/1: Timed out ApiVersionRequest in flight (after 10106ms, timeout #0)
%4|1780376064.646|REQTMOUT|rdkafka#consumer-4| [thrd:localhost:9092/1]: localhost:9092/1: Timed out 1 in-flight, 0 retry-queued, 0 out-queue, 0 partially-sent requests
%5|1780376065.959|REQTMOUT|rdkafka#producer-1| [thrd:localhost:9092/bootstrap]: localhost:9092/bootstrap: Timed out ApiVersionRequest in flight (after 10085ms, timeout #0)
%4|1780376065.994|FAIL|rdkafka#producer-1| [thrd:localhost:9092/bootstrap]: localhost:9092/bootstrap: ApiVersionRequest failed: Local: Timed out: probably due to broker version < 0.10 (see api.version.request configuration) (after 10120ms in state APIVERSION_QUERY, 3 identical error(s) suppressed)
%4|1780376065.994|REQTMOUT|rdkafka#producer-1| [thrd:localhost:9092/bootstrap]: localhost:9092/bootstrap: Timed out 1 in-flight, 0 retry-queued, 0 out-queue, 0 partially-sent requests
%5|1780376066.116|REQTMOUT|rdkafka#consumer-9| [thrd:localhost:9092/bootstrap]: localhost:9092/bootstrap: Timed out ApiVersionRequest in flight (after 10086ms, timeout #0)
%4|1780376066.116|REQTMOUT|rdkafka#consumer-9| [thrd:localhost:9092/bootstrap]: localhost:9092/bootstrap: Timed out 1 in-flight, 0 retry-queued, 0 out-queue, 0 partially-sent requests
%5|1780376070.070|REQTMOUT|rdkafka#consumer-7| [thrd:localhost:9092/bootstrap]: localhost:9092/bootstrap: Timed out ApiVersionRequest in flight (after 10081ms, timeout #0)
%4|1780376070.070|REQTMOUT|rdkafka#consumer-7| [thrd:localhost:9092/bootstrap]: localhost:9092/bootstrap: Timed out 1 in-flight, 0 retry-queued, 0 out-queue, 0 partially-sent requests
%5|1780376073.449|REQTMOUT|rdkafka#consumer-8| [thrd:localhost:9092/bootstrap]: localhost:9092/bootstrap: Timed out ApiVersionRequest in flight (after 10079ms, timeout #0)
%4|1780376073.505|REQTMOUT|rdkafka#consumer-8| [thrd:localhost:9092/bootstrap]: localhost:9092/bootstrap: Timed out 1 in-flight, 0 retry-queued, 0 out-queue, 0 partially-sent requests
%5|1780376076.269|REQTMOUT|rdkafka#consumer-9| [thrd:localhost:9092/bootstrap]: localhost:9092/bootstrap: Timed out ApiVersionRequest in flight (after 10090ms, timeout #0)
%4|1780376076.374|FAIL|rdkafka#consumer-9| [thrd:localhost:9092/bootstrap]: localhost:9092/bootstrap: ApiVersionRequest failed: Local: Timed out: probably due to broker version < 0.10 (see api.version.request configuration) (after 10196ms in state APIVERSION_QUERY, 3 identical error(s) suppressed)
%4|1780376076.400|REQTMOUT|rdkafka#consumer-9| [thrd:localhost:9092/bootstrap]: localhost:9092/bootstrap: Timed out 1 in-flight, 0 retry-queued, 0 out-queue, 0 partially-sent requests
%5|1780376322.263|REQTMOUT|rdkafka#consumer-2| [thrd:localhost:9092/1]: localhost:9092/1: Timed out MetadataRequest in flight (after 60657ms, timeout #0)
%4|1780376322.474|REQTMOUT|rdkafka#consumer-2| [thrd:localhost:9092/1]: localhost:9092/1: Timed out 1 in-flight, 0 retry-queued, 0 out-queue, 0 partially-sent requests
%5|1780376322.653|REQTMOUT|rdkafka#consumer-4| [thrd:localhost:9092/1]: localhost:9092/1: Timed out MetadataRequest in flight (after 60655ms, timeout #0)
%4|1780376322.701|REQTMOUT|rdkafka#consumer-4| [thrd:localhost:9092/1]: localhost:9092/1: Timed out 1 in-flight, 0 retry-queued, 0 out-queue, 0 partially-sent requests
%5|1780376323.271|REQTMOUT|rdkafka#consumer-9| [thrd:localhost:9092/1]: localhost:9092/1: Timed out MetadataRequest in flight (after 60663ms, timeout #0)
%4|1780376323.379|REQTMOUT|rdkafka#consumer-9| [thrd:localhost:9092/1]: localhost:9092/1: Timed out 1 in-flight, 0 retry-queued, 0 out-queue, 0 partially-sent requests
%5|1780376334.499|REQTMOUT|rdkafka#consumer-9| [thrd:localhost:9092/1]: localhost:9092/1: Timed out ApiVersionRequest in flight (after 10102ms, timeout #0)
%4|1780376334.691|FAIL|rdkafka#consumer-9| [thrd:localhost:9092/1]: localhost:9092/1: ApiVersionRequest failed: Local: Timed out: probably due to broker version < 0.10 (see api.version.request configuration) (after 10295ms in state APIVERSION_QUERY)
%4|1780376335.137|REQTMOUT|rdkafka#consumer-9| [thrd:localhost:9092/1]: localhost:9092/1: Timed out 1 in-flight, 0 retry-queued, 0 out-queue, 0 partially-sent requests
%5|1780376335.446|REQTMOUT|rdkafka#consumer-2| [thrd:localhost:9092/bootstrap]: localhost:9092/bootstrap: Timed out ApiVersionRequest in flight (after 10112ms, timeout #0)
%4|1780376335.447|FAIL|rdkafka#consumer-2| [thrd:localhost:9092/bootstrap]: localhost:9092/bootstrap: ApiVersionRequest failed: Local: Timed out: probably due to broker version < 0.10 (see api.version.request configuration) (after 10114ms in state APIVERSION_QUERY)
%4|1780376335.448|REQTMOUT|rdkafka#consumer-2| [thrd:localhost:9092/bootstrap]: localhost:9092/bootstrap: Timed out 1 in-flight, 0 retry-queued, 0 out-queue, 0 partially-sent requests
%5|1780376348.451|REQTMOUT|rdkafka#consumer-9| [thrd:localhost:9092/bootstrap]: localhost:9092/bootstrap: Timed out ApiVersionRequest in flight (after 10090ms, timeout #0)
%4|1780376348.460|FAIL|rdkafka#consumer-9| [thrd:localhost:9092/bootstrap]: localhost:9092/bootstrap: ApiVersionRequest failed: Local: Timed out: probably due to broker version < 0.10 (see api.version.request configuration) (after 10100ms in state APIVERSION_QUERY)
%4|1780376348.474|REQTMOUT|rdkafka#consumer-9| [thrd:localhost:9092/bootstrap]: localhost:9092/bootstrap: Timed out 1 in-flight, 0 retry-queued, 0 out-queue, 0 partially-sent requests
%5|1780376487.294|REQTMOUT|rdkafka#consumer-9| [thrd:localhost:9092/1]: localhost:9092/1: Timed out ApiVersionRequest in flight (after 10112ms, timeout #0)
%5|1780376487.340|REQTMOUT|rdkafka#consumer-7| [thrd:localhost:9092/1]: localhost:9092/1: Timed out ApiVersionRequest in flight (after 10096ms, timeout #0)
%4|1780376487.382|FAIL|rdkafka#consumer-9| [thrd:localhost:9092/1]: localhost:9092/1: ApiVersionRequest failed: Local: Timed out: probably due to broker version < 0.10 (see api.version.request configuration) (after 10201ms in state APIVERSION_QUERY)
%4|1780376487.383|FAIL|rdkafka#consumer-7| [thrd:localhost:9092/1]: localhost:9092/1: ApiVersionRequest failed: Local: Timed out: probably due to broker version < 0.10 (see api.version.request configuration) (after 10139ms in state APIVERSION_QUERY)
%4|1780376487.383|REQTMOUT|rdkafka#consumer-9| [thrd:localhost:9092/1]: localhost:9092/1: Timed out 1 in-flight, 0 retry-queued, 0 out-queue, 0 partially-sent requests
%4|1780376487.392|REQTMOUT|rdkafka#consumer-7| [thrd:localhost:9092/1]: localhost:9092/1: Timed out 1 in-flight, 0 retry-queued, 0 out-queue, 0 partially-sent requests
%5|1780376488.401|REQTMOUT|rdkafka#producer-1| [thrd:localhost:9092/1]: localhost:9092/1: Timed out ApiVersionRequest in flight (after 10111ms, timeout #0)
%4|1780376488.408|FAIL|rdkafka#producer-1| [thrd:localhost:9092/1]: localhost:9092/1: ApiVersionRequest failed: Local: Timed out: probably due to broker version < 0.10 (see api.version.request configuration) (after 10119ms in state APIVERSION_QUERY)
%4|1780376488.409|REQTMOUT|rdkafka#producer-1| [thrd:localhost:9092/1]: localhost:9092/1: Timed out 1 in-flight, 0 retry-queued, 0 out-queue, 0 partially-sent requests
%5|1780376497.555|REQTMOUT|rdkafka#consumer-9| [thrd:localhost:9092/bootstrap]: localhost:9092/bootstrap: Timed out ApiVersionRequest in flight (after 10089ms, timeout #0)
%5|1780376497.555|REQTMOUT|rdkafka#consumer-7| [thrd:localhost:9092/bootstrap]: localhost:9092/bootstrap: Timed out ApiVersionRequest in flight (after 10089ms, timeout #0)
%5|1780376497.601|REQTMOUT|rdkafka#consumer-9| [thrd:localhost:9092/1]: localhost:9092/1: Timed out ApiVersionRequest in flight (after 10087ms, timeout #0)
%5|1780376497.601|REQTMOUT|rdkafka#consumer-7| [thrd:localhost:9092/1]: localhost:9092/1: Timed out ApiVersionRequest in flight (after 10087ms, timeout #0)
%4|1780376498.146|FAIL|rdkafka#consumer-9| [thrd:localhost:9092/bootstrap]: localhost:9092/bootstrap: ApiVersionRequest failed: Local: Timed out: probably due to broker version < 0.10 (see api.version.request configuration) (after 10681ms in state APIVERSION_QUERY)
%5|1780376498.518|REQTMOUT|rdkafka#producer-1| [thrd:localhost:9092/bootstrap]: localhost:9092/bootstrap: Timed out ApiVersionRequest in flight (after 10084ms, timeout #0)
%4|1780376498.532|FAIL|rdkafka#consumer-7| [thrd:localhost:9092/bootstrap]: localhost:9092/bootstrap: ApiVersionRequest failed: Local: Timed out: probably due to broker version < 0.10 (see api.version.request configuration) (after 11066ms in state APIVERSION_QUERY)
%4|1780376498.980|FAIL|rdkafka#consumer-9| [thrd:localhost:9092/1]: localhost:9092/1: ApiVersionRequest failed: Local: Timed out: probably due to broker version < 0.10 (see api.version.request configuration) (after 11466ms in state APIVERSION_QUERY, 1 identical error(s) suppressed)
%4|1780376499.427|FAIL|rdkafka#consumer-7| [thrd:localhost:9092/1]: localhost:9092/1: ApiVersionRequest failed: Local: Timed out: probably due to broker version < 0.10 (see api.version.request configuration) (after 11913ms in state APIVERSION_QUERY, 1 identical error(s) suppressed)
%4|1780376499.606|REQTMOUT|rdkafka#consumer-7| [thrd:localhost:9092/1]: localhost:9092/1: Timed out 1 in-flight, 0 retry-queued, 0 out-queue, 0 partially-sent requests
%4|1780376499.439|FAIL|rdkafka#producer-1| [thrd:localhost:9092/bootstrap]: localhost:9092/bootstrap: ApiVersionRequest failed: Local: Timed out: probably due to broker version < 0.10 (see api.version.request configuration) (after 11005ms in state APIVERSION_QUERY)
%4|1780376499.484|REQTMOUT|rdkafka#consumer-7| [thrd:localhost:9092/bootstrap]: localhost:9092/bootstrap: Timed out 1 in-flight, 0 retry-queued, 0 out-queue, 0 partially-sent requests
%4|1780376499.488|REQTMOUT|rdkafka#consumer-9| [thrd:localhost:9092/1]: localhost:9092/1: Timed out 1 in-flight, 0 retry-queued, 0 out-queue, 0 partially-sent requests
%4|1780376499.436|REQTMOUT|rdkafka#consumer-9| [thrd:localhost:9092/bootstrap]: localhost:9092/bootstrap: Timed out 1 in-flight, 0 retry-queued, 0 out-queue, 0 partially-sent requests
%4|1780376499.626|REQTMOUT|rdkafka#producer-1| [thrd:localhost:9092/bootstrap]: localhost:9092/bootstrap: Timed out 1 in-flight, 0 retry-queued, 0 out-queue, 0 partially-sent requests
%5|1780376509.817|REQTMOUT|rdkafka#consumer-7| [thrd:localhost:9092/1]: localhost:9092/1: Timed out ApiVersionRequest in flight (after 10094ms, timeout #0)
%4|1780376509.867|REQTMOUT|rdkafka#consumer-7| [thrd:localhost:9092/1]: localhost:9092/1: Timed out 1 in-flight, 0 retry-queued, 0 out-queue, 0 partially-sent requests
%5|1780376509.879|REQTMOUT|rdkafka#consumer-9| [thrd:localhost:9092/1]: localhost:9092/1: Timed out ApiVersionRequest in flight (after 10094ms, timeout #0)
%4|1780376510.058|REQTMOUT|rdkafka#consumer-9| [thrd:localhost:9092/1]: localhost:9092/1: Timed out 1 in-flight, 0 retry-queued, 0 out-queue, 0 partially-sent requests
%5|1780376510.158|REQTMOUT|rdkafka#consumer-9| [thrd:GroupCoordinator]: GroupCoordinator/1: Timed out ApiVersionRequest in flight (after 10198ms, timeout #0)
%4|1780376510.304|FAIL|rdkafka#consumer-9| [thrd:GroupCoordinator]: GroupCoordinator: localhost:9092: ApiVersionRequest failed: Local: Timed out: probably due to broker version < 0.10 (see api.version.request configuration) (after 10344ms in state APIVERSION_QUERY)
%4|1780376510.319|REQTMOUT|rdkafka#consumer-9| [thrd:GroupCoordinator]: GroupCoordinator/1: Timed out 1 in-flight, 0 retry-queued, 0 out-queue, 0 partially-sent requests
%5|1780376510.364|REQTMOUT|rdkafka#consumer-7| [thrd:GroupCoordinator]: GroupCoordinator/1: Timed out ApiVersionRequest in flight (after 10404ms, timeout #0)
%4|1780376510.486|FAIL|rdkafka#consumer-7| [thrd:GroupCoordinator]: GroupCoordinator: localhost:9092: ApiVersionRequest failed: Local: Timed out: probably due to broker version < 0.10 (see api.version.request configuration) (after 10527ms in state APIVERSION_QUERY)
%4|1780376510.516|REQTMOUT|rdkafka#consumer-7| [thrd:GroupCoordinator]: GroupCoordinator/1: Timed out 1 in-flight, 0 retry-queued, 0 out-queue, 0 partially-sent requests
%5|1780376520.439|REQTMOUT|rdkafka#consumer-9| [thrd:localhost:9092/bootstrap]: localhost:9092/bootstrap: Timed out ApiVersionRequest in flight (after 10118ms, timeout #0)
%4|1780376520.474|FAIL|rdkafka#consumer-9| [thrd:localhost:9092/bootstrap]: localhost:9092/bootstrap: ApiVersionRequest failed: Local: Timed out: probably due to broker version < 0.10 (see api.version.request configuration) (after 10153ms in state APIVERSION_QUERY)
%4|1780376520.474|REQTMOUT|rdkafka#consumer-9| [thrd:localhost:9092/bootstrap]: localhost:9092/bootstrap: Timed out 1 in-flight, 0 retry-queued, 0 out-queue, 0 partially-sent requests
%5|1780376520.627|REQTMOUT|rdkafka#consumer-7| [thrd:localhost:9092/bootstrap]: localhost:9092/bootstrap: Timed out ApiVersionRequest in flight (after 10109ms, timeout #0)
%4|1780376520.627|FAIL|rdkafka#consumer-7| [thrd:localhost:9092/bootstrap]: localhost:9092/bootstrap: ApiVersionRequest failed: Local: Timed out: probably due to broker version < 0.10 (see api.version.request configuration) (after 10109ms in state APIVERSION_QUERY)
%4|1780376520.627|REQTMOUT|rdkafka#consumer-7| [thrd:localhost:9092/bootstrap]: localhost:9092/bootstrap: Timed out 1 in-flight, 0 retry-queued, 0 out-queue, 0 partially-sent requests
%5|1780376520.658|REQTMOUT|rdkafka#consumer-7| [thrd:GroupCoordinator]: GroupCoordinator/1: Timed out ApiVersionRequest in flight (after 10099ms, timeout #0)
%4|1780376520.658|FAIL|rdkafka#consumer-7| [thrd:GroupCoordinator]: GroupCoordinator: localhost:9092: ApiVersionRequest failed: Local: Timed out: probably due to broker version < 0.10 (see api.version.request configuration) (after 10100ms in state APIVERSION_QUERY, 1 identical error(s) suppressed)
%4|1780376520.659|REQTMOUT|rdkafka#consumer-7| [thrd:GroupCoordinator]: GroupCoordinator/1: Timed out 1 in-flight, 0 retry-queued, 0 out-queue, 0 partially-sent requests
%5|1780376520.689|REQTMOUT|rdkafka#consumer-7| [thrd:localhost:9092/1]: localhost:9092/1: Timed out ApiVersionRequest in flight (after 10106ms, timeout #0)
%4|1780376520.707|REQTMOUT|rdkafka#consumer-7| [thrd:localhost:9092/1]: localhost:9092/1: Timed out 1 in-flight, 0 retry-queued, 0 out-queue, 0 partially-sent requests
%5|1780376530.757|REQTMOUT|rdkafka#consumer-7| [thrd:localhost:9092/bootstrap]: localhost:9092/bootstrap: Timed out ApiVersionRequest in flight (after 10081ms, timeout #0)
%4|1780376530.757|FAIL|rdkafka#consumer-7| [thrd:localhost:9092/bootstrap]: localhost:9092/bootstrap: ApiVersionRequest failed: Local: Timed out: probably due to broker version < 0.10 (see api.version.request configuration) (after 10082ms in state APIVERSION_QUERY, 1 identical error(s) suppressed)
%4|1780376530.757|REQTMOUT|rdkafka#consumer-7| [thrd:localhost:9092/bootstrap]: localhost:9092/bootstrap: Timed out 1 in-flight, 0 retry-queued, 0 out-queue, 0 partially-sent requests
%5|1780376530.835|REQTMOUT|rdkafka#consumer-7| [thrd:localhost:9092/1]: localhost:9092/1: Timed out ApiVersionRequest in flight (after 10097ms, timeout #0)
%4|1780376531.180|FAIL|rdkafka#consumer-7| [thrd:localhost:9092/1]: localhost:9092/1: ApiVersionRequest failed: Local: Timed out: probably due to broker version < 0.10 (see api.version.request configuration) (after 10442ms in state APIVERSION_QUERY, 3 identical error(s) suppressed)
%4|1780376531.202|REQTMOUT|rdkafka#consumer-7| [thrd:localhost:9092/1]: localhost:9092/1: Timed out 1 in-flight, 0 retry-queued, 0 out-queue, 0 partially-sent requests
%5|1780376540.903|REQTMOUT|rdkafka#consumer-7| [thrd:localhost:9092/bootstrap]: localhost:9092/bootstrap: Timed out ApiVersionRequest in flight (after 10097ms, timeout #0)
%4|1780376541.110|REQTMOUT|rdkafka#consumer-7| [thrd:localhost:9092/bootstrap]: localhost:9092/bootstrap: Timed out 1 in-flight, 0 retry-queued, 0 out-queue, 0 partially-sent requests
%5|1780376541.336|REQTMOUT|rdkafka#consumer-7| [thrd:localhost:9092/1]: localhost:9092/1: Timed out ApiVersionRequest in flight (after 10096ms, timeout #0)
%4|1780376541.336|REQTMOUT|rdkafka#consumer-7| [thrd:localhost:9092/1]: localhost:9092/1: Timed out 1 in-flight, 0 retry-queued, 0 out-queue, 0 partially-sent requests
%5|1780376551.263|REQTMOUT|rdkafka#consumer-7| [thrd:localhost:9092/bootstrap]: localhost:9092/bootstrap: Timed out ApiVersionRequest in flight (after 10077ms, timeout #0)
%4|1780376551.263|REQTMOUT|rdkafka#consumer-7| [thrd:localhost:9092/bootstrap]: localhost:9092/bootstrap: Timed out 1 in-flight, 0 retry-queued, 0 out-queue, 0 partially-sent requests
%5|1780376551.436|REQTMOUT|rdkafka#consumer-7| [thrd:localhost:9092/1]: localhost:9092/1: Timed out ApiVersionRequest in flight (after 10082ms, timeout #0)
%4|1780376551.436|REQTMOUT|rdkafka#consumer-7| [thrd:localhost:9092/1]: localhost:9092/1: Timed out 1 in-flight, 0 retry-queued, 0 out-queue, 0 partially-sent requests
%5|1780376561.368|REQTMOUT|rdkafka#consumer-7| [thrd:localhost:9092/bootstrap]: localhost:9092/bootstrap: Timed out ApiVersionRequest in flight (after 10087ms, timeout #0)
%4|1780376561.369|FAIL|rdkafka#consumer-7| [thrd:localhost:9092/bootstrap]: localhost:9092/bootstrap: ApiVersionRequest failed: Local: Timed out: probably due to broker version < 0.10 (see api.version.request configuration) (after 10088ms in state APIVERSION_QUERY, 3 identical error(s) suppressed)
%4|1780376561.369|REQTMOUT|rdkafka#consumer-7| [thrd:localhost:9092/bootstrap]: localhost:9092/bootstrap: Timed out 1 in-flight, 0 retry-queued, 0 out-queue, 0 partially-sent requests
%5|1780376561.570|REQTMOUT|rdkafka#consumer-7| [thrd:localhost:9092/1]: localhost:9092/1: Timed out ApiVersionRequest in flight (after 10086ms, timeout #0)
%4|1780376561.570|FAIL|rdkafka#consumer-7| [thrd:localhost:9092/1]: localhost:9092/1: ApiVersionRequest failed: Local: Timed out: probably due to broker version < 0.10 (see api.version.request configuration) (after 10087ms in state APIVERSION_QUERY, 3 identical error(s) suppressed)
%4|1780376561.570|REQTMOUT|rdkafka#consumer-7| [thrd:localhost:9092/1]: localhost:9092/1: Timed out 1 in-flight, 0 retry-queued, 0 out-queue, 0 partially-sent requests
%5|1780376571.477|REQTMOUT|rdkafka#consumer-7| [thrd:localhost:9092/bootstrap]: localhost:9092/bootstrap: Timed out ApiVersionRequest in flight (after 10076ms, timeout #0)
%4|1780376571.477|REQTMOUT|rdkafka#consumer-7| [thrd:localhost:9092/bootstrap]: localhost:9092/bootstrap: Timed out 1 in-flight, 0 retry-queued, 0 out-queue, 0 partially-sent requests
%5|1780376571.680|REQTMOUT|rdkafka#consumer-7| [thrd:localhost:9092/1]: localhost:9092/1: Timed out ApiVersionRequest in flight (after 10093ms, timeout #0)
%4|1780376571.680|REQTMOUT|rdkafka#consumer-7| [thrd:localhost:9092/1]: localhost:9092/1: Timed out 1 in-flight, 0 retry-queued, 0 out-queue, 0 partially-sent requests
%5|1780376581.615|REQTMOUT|rdkafka#consumer-7| [thrd:localhost:9092/bootstrap]: localhost:9092/bootstrap: Timed out ApiVersionRequest in flight (after 10090ms, timeout #0)
%4|1780376581.616|REQTMOUT|rdkafka#consumer-7| [thrd:localhost:9092/bootstrap]: localhost:9092/bootstrap: Timed out 1 in-flight, 0 retry-queued, 0 out-queue, 0 partially-sent requests
%5|1780376581.803|REQTMOUT|rdkafka#consumer-7| [thrd:localhost:9092/1]: localhost:9092/1: Timed out ApiVersionRequest in flight (after 10090ms, timeout #0)
%4|1780376581.803|REQTMOUT|rdkafka#consumer-7| [thrd:localhost:9092/1]: localhost:9092/1: Timed out 1 in-flight, 0 retry-queued, 0 out-queue, 0 partially-sent requests
%5|1780376591.735|REQTMOUT|rdkafka#consumer-7| [thrd:localhost:9092/bootstrap]: localhost:9092/bootstrap: Timed out ApiVersionRequest in flight (after 10087ms, timeout #0)
%4|1780376591.735|FAIL|rdkafka#consumer-7| [thrd:localhost:9092/bootstrap]: localhost:9092/bootstrap: ApiVersionRequest failed: Local: Timed out: probably due to broker version < 0.10 (see api.version.request configuration) (after 10087ms in state APIVERSION_QUERY, 3 identical error(s) suppressed)
%4|1780376591.736|REQTMOUT|rdkafka#consumer-7| [thrd:localhost:9092/bootstrap]: localhost:9092/bootstrap: Timed out 1 in-flight, 0 retry-queued, 0 out-queue, 0 partially-sent requests
%5|1780376591.935|REQTMOUT|rdkafka#consumer-7| [thrd:localhost:9092/1]: localhost:9092/1: Timed out ApiVersionRequest in flight (after 10099ms, timeout #0)
%4|1780376591.935|FAIL|rdkafka#consumer-7| [thrd:localhost:9092/1]: localhost:9092/1: ApiVersionRequest failed: Local: Timed out: probably due to broker version < 0.10 (see api.version.request configuration) (after 10099ms in state APIVERSION_QUERY, 3 identical error(s) suppressed)
%4|1780376591.936|REQTMOUT|rdkafka#consumer-7| [thrd:localhost:9092/1]: localhost:9092/1: Timed out 1 in-flight, 0 retry-queued, 0 out-queue, 0 partially-sent requests
%5|1780376601.859|REQTMOUT|rdkafka#consumer-7| [thrd:localhost:9092/bootstrap]: localhost:9092/bootstrap: Timed out ApiVersionRequest in flight (after 10076ms, timeout #0)
%4|1780376601.859|REQTMOUT|rdkafka#consumer-7| [thrd:localhost:9092/bootstrap]: localhost:9092/bootstrap: Timed out 1 in-flight, 0 retry-queued, 0 out-queue, 0 partially-sent requests
%5|1780376602.062|REQTMOUT|rdkafka#consumer-7| [thrd:localhost:9092/1]: localhost:9092/1: Timed out ApiVersionRequest in flight (after 10093ms, timeout #0)
%4|1780376602.062|REQTMOUT|rdkafka#consumer-7| [thrd:localhost:9092/1]: localhost:9092/1: Timed out 1 in-flight, 0 retry-queued, 0 out-queue, 0 partially-sent requests
%5|1780376612.007|REQTMOUT|rdkafka#consumer-7| [thrd:localhost:9092/bootstrap]: localhost:9092/bootstrap: Timed out ApiVersionRequest in flight (after 10098ms, timeout #0)
%4|1780376612.007|REQTMOUT|rdkafka#consumer-7| [thrd:localhost:9092/bootstrap]: localhost:9092/bootstrap: Timed out 1 in-flight, 0 retry-queued, 0 out-queue, 0 partially-sent requests
%5|1780376612.194|REQTMOUT|rdkafka#consumer-7| [thrd:localhost:9092/1]: localhost:9092/1: Timed out ApiVersionRequest in flight (after 10098ms, timeout #0)
%4|1780376612.195|REQTMOUT|rdkafka#consumer-7| [thrd:localhost:9092/1]: localhost:9092/1: Timed out 1 in-flight, 0 retry-queued, 0 out-queue, 0 partially-sent requests
%5|1780376622.127|REQTMOUT|rdkafka#consumer-7| [thrd:localhost:9092/bootstrap]: localhost:9092/bootstrap: Timed out ApiVersionRequest in flight (after 10087ms, timeout #0)
%4|1780376622.138|FAIL|rdkafka#consumer-7| [thrd:localhost:9092/bootstrap]: localhost:9092/bootstrap: ApiVersionRequest failed: Local: Timed out: probably due to broker version < 0.10 (see api.version.request configuration) (after 10097ms in state APIVERSION_QUERY, 3 identical error(s) suppressed)
%4|1780376622.141|REQTMOUT|rdkafka#consumer-7| [thrd:localhost:9092/bootstrap]: localhost:9092/bootstrap: Timed out 1 in-flight, 0 retry-queued, 0 out-queue, 0 partially-sent requests
%5|1780376622.158|REQTMOUT|rdkafka#consumer-2| [thrd:localhost:9092/1]: localhost:9092/1: Timed out MetadataRequest in flight (after 60539ms, timeout #0)
%4|1780376622.158|REQTMOUT|rdkafka#consumer-2| [thrd:localhost:9092/1]: localhost:9092/1: Timed out 1 in-flight, 0 retry-queued, 0 out-queue, 0 partially-sent requests
%5|1780376622.314|REQTMOUT|rdkafka#consumer-7| [thrd:localhost:9092/1]: localhost:9092/1: Timed out ApiVersionRequest in flight (after 10085ms, timeout #0)
%4|1780376622.314|FAIL|rdkafka#consumer-7| [thrd:localhost:9092/1]: localhost:9092/1: ApiVersionRequest failed: Local: Timed out: probably due to broker version < 0.10 (see api.version.request configuration) (after 10086ms in state APIVERSION_QUERY, 3 identical error(s) suppressed)
%4|1780376622.314|REQTMOUT|rdkafka#consumer-7| [thrd:localhost:9092/1]: localhost:9092/1: Timed out 1 in-flight, 0 retry-queued, 0 out-queue, 0 partially-sent requests
%5|1780376632.256|REQTMOUT|rdkafka#consumer-7| [thrd:localhost:9092/bootstrap]: localhost:9092/bootstrap: Timed out ApiVersionRequest in flight (after 10082ms, timeout #0)
%4|1780376632.269|REQTMOUT|rdkafka#consumer-7| [thrd:localhost:9092/bootstrap]: localhost:9092/bootstrap: Timed out 1 in-flight, 0 retry-queued, 0 out-queue, 0 partially-sent requests
%5|1780376632.426|REQTMOUT|rdkafka#consumer-7| [thrd:localhost:9092/1]: localhost:9092/1: Timed out ApiVersionRequest in flight (after 10080ms, timeout #0)
%4|1780376632.427|REQTMOUT|rdkafka#consumer-7| [thrd:localhost:9092/1]: localhost:9092/1: Timed out 1 in-flight, 0 retry-queued, 0 out-queue, 0 partially-sent requests
%5|1780376633.251|REQTMOUT|rdkafka#consumer-2| [thrd:localhost:9092/1]: localhost:9092/1: Timed out ApiVersionRequest in flight (after 10082ms, timeout #0)
%4|1780376633.251|FAIL|rdkafka#consumer-2| [thrd:localhost:9092/1]: localhost:9092/1: ApiVersionRequest failed: Local: Timed out: probably due to broker version < 0.10 (see api.version.request configuration) (after 10082ms in state APIVERSION_QUERY)
%4|1780376633.252|REQTMOUT|rdkafka#consumer-2| [thrd:localhost:9092/1]: localhost:9092/1: Timed out 1 in-flight, 0 retry-queued, 0 out-queue, 0 partially-sent requests
%5|1780376642.420|REQTMOUT|rdkafka#consumer-7| [thrd:localhost:9092/bootstrap]: localhost:9092/bootstrap: Timed out ApiVersionRequest in flight (after 10085ms, timeout #0)
%4|1780376642.420|REQTMOUT|rdkafka#consumer-7| [thrd:localhost:9092/bootstrap]: localhost:9092/bootstrap: Timed out 1 in-flight, 0 retry-queued, 0 out-queue, 0 partially-sent requests
%5|1780376642.545|REQTMOUT|rdkafka#consumer-7| [thrd:localhost:9092/1]: localhost:9092/1: Timed out ApiVersionRequest in flight (after 10085ms, timeout #0)
%4|1780376642.545|REQTMOUT|rdkafka#consumer-7| [thrd:localhost:9092/1]: localhost:9092/1: Timed out 1 in-flight, 0 retry-queued, 0 out-queue, 0 partially-sent requests
%5|1780376643.333|REQTMOUT|rdkafka#consumer-2| [thrd:localhost:9092/bootstrap]: localhost:9092/bootstrap: Timed out ApiVersionRequest in flight (after 10079ms, timeout #0)
%5|1780376643.333|REQTMOUT|rdkafka#consumer-2| [thrd:localhost:9092/1]: localhost:9092/1: Timed out ApiVersionRequest in flight (after 10079ms, timeout #0)
%4|1780376643.333|FAIL|rdkafka#consumer-2| [thrd:localhost:9092/bootstrap]: localhost:9092/bootstrap: ApiVersionRequest failed: Local: Timed out: probably due to broker version < 0.10 (see api.version.request configuration) (after 10080ms in state APIVERSION_QUERY)
%4|1780376643.334|FAIL|rdkafka#consumer-2| [thrd:localhost:9092/1]: localhost:9092/1: ApiVersionRequest failed: Local: Timed out: probably due to broker version < 0.10 (see api.version.request configuration) (after 10080ms in state APIVERSION_QUERY, 1 identical error(s) suppressed)
%4|1780376643.334|REQTMOUT|rdkafka#consumer-2| [thrd:localhost:9092/bootstrap]: localhost:9092/bootstrap: Timed out 1 in-flight, 0 retry-queued, 0 out-queue, 0 partially-sent requests
%4|1780376643.334|REQTMOUT|rdkafka#consumer-2| [thrd:localhost:9092/1]: localhost:9092/1: Timed out 1 in-flight, 0 retry-queued, 0 out-queue, 0 partially-sent requests
%5|1780376652.570|REQTMOUT|rdkafka#consumer-7| [thrd:localhost:9092/bootstrap]: localhost:9092/bootstrap: Timed out ApiVersionRequest in flight (after 10101ms, timeout #0)
%4|1780376652.570|FAIL|rdkafka#consumer-7| [thrd:localhost:9092/bootstrap]: localhost:9092/bootstrap: ApiVersionRequest failed: Local: Timed out: probably due to broker version < 0.10 (see api.version.request configuration) (after 10101ms in state APIVERSION_QUERY, 3 identical error(s) suppressed)
%4|1780376652.571|REQTMOUT|rdkafka#consumer-7| [thrd:localhost:9092/bootstrap]: localhost:9092/bootstrap: Timed out 1 in-flight, 0 retry-queued, 0 out-queue, 0 partially-sent requests
%5|1780376652.689|REQTMOUT|rdkafka#consumer-7| [thrd:localhost:9092/1]: localhost:9092/1: Timed out ApiVersionRequest in flight (after 10095ms, timeout #0)
%4|1780376652.689|FAIL|rdkafka#consumer-7| [thrd:localhost:9092/1]: localhost:9092/1: ApiVersionRequest failed: Local: Timed out: probably due to broker version < 0.10 (see api.version.request configuration) (after 10096ms in state APIVERSION_QUERY, 3 identical error(s) suppressed)
%4|1780376652.689|REQTMOUT|rdkafka#consumer-7| [thrd:localhost:9092/1]: localhost:9092/1: Timed out 1 in-flight, 0 retry-queued, 0 out-queue, 0 partially-sent requests
%5|1780376653.499|REQTMOUT|rdkafka#consumer-2| [thrd:localhost:9092/bootstrap]: localhost:9092/bootstrap: Timed out ApiVersionRequest in flight (after 10102ms, timeout #0)
%4|1780376653.499|FAIL|rdkafka#consumer-2| [thrd:localhost:9092/bootstrap]: localhost:9092/bootstrap: ApiVersionRequest failed: Local: Timed out: probably due to broker version < 0.10 (see api.version.request configuration) (after 10102ms in state APIVERSION_QUERY, 1 identical error(s) suppressed)
%4|1780376653.499|REQTMOUT|rdkafka#consumer-2| [thrd:localhost:9092/bootstrap]: localhost:9092/bootstrap: Timed out 1 in-flight, 0 retry-queued, 0 out-queue, 0 partially-sent requests
%5|1780376653.783|REQTMOUT|rdkafka#consumer-2| [thrd:localhost:9092/1]: localhost:9092/1: Timed out ApiVersionRequest in flight (after 10090ms, timeout #0)
%4|1780376653.783|REQTMOUT|rdkafka#consumer-2| [thrd:localhost:9092/1]: localhost:9092/1: Timed out 1 in-flight, 0 retry-queued, 0 out-queue, 0 partially-sent requests
%5|1780376662.689|REQTMOUT|rdkafka#consumer-7| [thrd:localhost:9092/bootstrap]: localhost:9092/bootstrap: Timed out ApiVersionRequest in flight (after 10092ms, timeout #0)
%4|1780376662.690|REQTMOUT|rdkafka#consumer-7| [thrd:localhost:9092/bootstrap]: localhost:9092/bootstrap: Timed out 1 in-flight, 0 retry-queued, 0 out-queue, 0 partially-sent requests
%5|1780376662.811|REQTMOUT|rdkafka#consumer-7| [thrd:localhost:9092/1]: localhost:9092/1: Timed out ApiVersionRequest in flight (after 10088ms, timeout #0)
%4|1780376662.812|REQTMOUT|rdkafka#consumer-7| [thrd:localhost:9092/1]: localhost:9092/1: Timed out 1 in-flight, 0 retry-queued, 0 out-queue, 0 partially-sent requests
%5|1780376663.856|REQTMOUT|rdkafka#consumer-2| [thrd:localhost:9092/bootstrap]: localhost:9092/bootstrap: Timed out ApiVersionRequest in flight (after 10088ms, timeout #0)
%4|1780376663.857|REQTMOUT|rdkafka#consumer-2| [thrd:localhost:9092/bootstrap]: localhost:9092/bootstrap: Timed out 1 in-flight, 0 retry-queued, 0 out-queue, 0 partially-sent requests
%5|1780376663.889|REQTMOUT|rdkafka#consumer-2| [thrd:localhost:9092/1]: localhost:9092/1: Timed out ApiVersionRequest in flight (after 10090ms, timeout #0)
%4|1780376663.889|REQTMOUT|rdkafka#consumer-2| [thrd:localhost:9092/1]: localhost:9092/1: Timed out 1 in-flight, 0 retry-queued, 0 out-queue, 0 partially-sent requests
%5|1780376672.819|REQTMOUT|rdkafka#consumer-7| [thrd:localhost:9092/bootstrap]: localhost:9092/bootstrap: Timed out ApiVersionRequest in flight (after 10113ms, timeout #0)
%4|1780376672.820|REQTMOUT|rdkafka#consumer-7| [thrd:localhost:9092/bootstrap]: localhost:9092/bootstrap: Timed out 1 in-flight, 0 retry-queued, 0 out-queue, 0 partially-sent requests
%5|1780376672.927|REQTMOUT|rdkafka#consumer-7| [thrd:localhost:9092/1]: localhost:9092/1: Timed out ApiVersionRequest in flight (after 10099ms, timeout #0)
%4|1780376672.927|REQTMOUT|rdkafka#consumer-7| [thrd:localhost:9092/1]: localhost:9092/1: Timed out 1 in-flight, 0 retry-queued, 0 out-queue, 0 partially-sent requests
%5|1780376674.031|REQTMOUT|rdkafka#consumer-2| [thrd:localhost:9092/bootstrap]: localhost:9092/bootstrap: Timed out ApiVersionRequest in flight (after 10096ms, timeout #0)
%4|1780376674.031|REQTMOUT|rdkafka#consumer-2| [thrd:localhost:9092/bootstrap]: localhost:9092/bootstrap: Timed out 1 in-flight, 0 retry-queued, 0 out-queue, 0 partially-sent requests
%5|1780376677.759|REQTMOUT|rdkafka#consumer-2| [thrd:localhost:9092/1]: localhost:9092/1: Timed out ApiVersionRequest in flight (after 10095ms, timeout #0)
%4|1780376677.759|FAIL|rdkafka#consumer-2| [thrd:localhost:9092/1]: localhost:9092/1: ApiVersionRequest failed: Local: Timed out: probably due to broker version < 0.10 (see api.version.request configuration) (after 10095ms in state APIVERSION_QUERY, 3 identical error(s) suppressed)
%4|1780376677.760|REQTMOUT|rdkafka#consumer-2| [thrd:localhost:9092/1]: localhost:9092/1: Timed out 1 in-flight, 0 retry-queued, 0 out-queue, 0 partially-sent requests
%5|1780376682.959|REQTMOUT|rdkafka#consumer-7| [thrd:localhost:9092/bootstrap]: localhost:9092/bootstrap: Timed out ApiVersionRequest in flight (after 10107ms, timeout #0)
%4|1780376682.960|FAIL|rdkafka#consumer-7| [thrd:localhost:9092/bootstrap]: localhost:9092/bootstrap: ApiVersionRequest failed: Local: Timed out: probably due to broker version < 0.10 (see api.version.request configuration) (after 10108ms in state APIVERSION_QUERY, 3 identical error(s) suppressed)
%4|1780376682.960|REQTMOUT|rdkafka#consumer-7| [thrd:localhost:9092/bootstrap]: localhost:9092/bootstrap: Timed out 1 in-flight, 0 retry-queued, 0 out-queue, 0 partially-sent requests
%5|1780376683.084|REQTMOUT|rdkafka#consumer-7| [thrd:localhost:9092/1]: localhost:9092/1: Timed out ApiVersionRequest in flight (after 10108ms, timeout #0)
%4|1780376683.084|FAIL|rdkafka#consumer-7| [thrd:localhost:9092/1]: localhost:9092/1: ApiVersionRequest failed: Local: Timed out: probably due to broker version < 0.10 (see api.version.request configuration) (after 10109ms in state APIVERSION_QUERY, 3 identical error(s) suppressed)
%4|1780376683.084|REQTMOUT|rdkafka#consumer-7| [thrd:localhost:9092/1]: localhost:9092/1: Timed out 1 in-flight, 0 retry-queued, 0 out-queue, 0 partially-sent requests
%5|1780376685.072|REQTMOUT|rdkafka#consumer-2| [thrd:localhost:9092/bootstrap]: localhost:9092/bootstrap: Timed out ApiVersionRequest in flight (after 10110ms, timeout #0)
%4|1780376685.072|FAIL|rdkafka#consumer-2| [thrd:localhost:9092/bootstrap]: localhost:9092/bootstrap: ApiVersionRequest failed: Local: Timed out: probably due to broker version < 0.10 (see api.version.request configuration) (after 10110ms in state APIVERSION_QUERY, 3 identical error(s) suppressed)
%4|1780376685.073|REQTMOUT|rdkafka#consumer-2| [thrd:localhost:9092/bootstrap]: localhost:9092/bootstrap: Timed out 1 in-flight, 0 retry-queued, 0 out-queue, 0 partially-sent requests
%5|1780376687.855|REQTMOUT|rdkafka#consumer-2| [thrd:localhost:9092/1]: localhost:9092/1: Timed out ApiVersionRequest in flight (after 10094ms, timeout #0)
%4|1780376687.855|REQTMOUT|rdkafka#consumer-2| [thrd:localhost:9092/1]: localhost:9092/1: Timed out 1 in-flight, 0 retry-queued, 0 out-queue, 0 partially-sent requests
%5|1780376693.067|REQTMOUT|rdkafka#consumer-7| [thrd:localhost:9092/bootstrap]: localhost:9092/bootstrap: Timed out ApiVersionRequest in flight (after 10075ms, timeout #0)
%4|1780376693.067|REQTMOUT|rdkafka#consumer-7| [thrd:localhost:9092/bootstrap]: localhost:9092/bootstrap: Timed out 1 in-flight, 0 retry-queued, 0 out-queue, 0 partially-sent requests
%5|1780376693.191|REQTMOUT|rdkafka#consumer-7| [thrd:localhost:9092/1]: localhost:9092/1: Timed out ApiVersionRequest in flight (after 10074ms, timeout #0)
%4|1780376693.192|REQTMOUT|rdkafka#consumer-7| [thrd:localhost:9092/1]: localhost:9092/1: Timed out 1 in-flight, 0 retry-queued, 0 out-queue, 0 partially-sent requests
%5|1780376695.216|REQTMOUT|rdkafka#consumer-2| [thrd:localhost:9092/bootstrap]: localhost:9092/bootstrap: Timed out ApiVersionRequest in flight (after 10081ms, timeout #0)
%4|1780376695.289|REQTMOUT|rdkafka#consumer-2| [thrd:localhost:9092/bootstrap]: localhost:9092/bootstrap: Timed out 1 in-flight, 0 retry-queued, 0 out-queue, 0 partially-sent requests
